date,month,quarter,year,month_sin,month_cos,demand_lag_1,demand_lag_2,demand_lag_3,demand_lag_6,demand_lag_12,demand_rolling_mean_3,demand_rolling_std_3,demand_rolling_mean_6,demand_rolling_std_6,rainfall_mm_lag_1,temp_max_c_lag_1,temp_min_c_lag_1,humidity_max_pct_lag_1,humidity_min_pct_lag_1,wind_speed_kmh_lag_1,solar_radiation_mj_m2_lag_1,sunshine_hours_lag_1,reservoir_level_m_lag_1,canal_discharge_cumecs_lag_1,groundwater_level_m_bgl_lag_1,total_population_lag_1,urban_population_lag_1,total_households_lag_1
2011-01-01,1,1,2011,0.49999999999999994,0.8660254037844387,3548910.0,3229182.4,3355649.6,2570558.1,3395717.5,3377914.0,161022.39651974125,2876853.35,568374.6404230567,74.19,34.24,23.18,82.1,55.3,3.49,351.94,206.7,33.84,8.0,9.22,885219.0,264648.0,178496.0
2011-02-01,2,1,2011,0.8660254037844386,0.5000000000000001,4025377.4,3548910.0,3229182.4,2286196.0,3192704.7,3601156.6,400660.5794371603,3119323.233333333,705377.8429599203,76.24,36.26,25.97,79.0,52.6,9.19,371.34,198.7,33.29,8.0,9.38,885532.0,263840.0,178344.0
2011-03-01,3,1,2011,1.0,6.123233995736766e-17,3508479.7,4025377.4,3548910.0,2270624.0,3359635.5,3694255.6999999997,287471.45501369535,3323037.183333333,582431.9762466967,78.03,37.33,24.23,79.7,54.9,5.32,444.55,201.8,32.9,7.263,9.51,885202.0,266009.0,179269.0
2011-04-01,4,2,2011,0.8660254037844387,-0.4999999999999998,3366596.7,3508479.7,4025377.4,3355649.6,3066705.6,3633484.6,346724.2008298974,3505699.3000000003,279380.1226360644,57.89,37.16,22.32,79.8,55.6,5.38,430.38,221.4,32.45,7.719,9.61,892819.0,267146.0,180384.0
2011-05-01,5,2,2011,0.49999999999999994,-0.8660254037844387,3281142.0,3366596.7,3508479.7,3229182.4,3406217.3,3385406.1333333333,114830.10731974643,3493281.366666667,288877.8644078793,103.03,32.37,17.55,77.3,58.3,5.43,405.45,225.6,32.34,7.816,9.69,894652.0,269383.0,180494.0
2011-06-01,6,2,2011,1.2246467991473532e-16,-1.0,3449296.2,3281142.0,3366596.7,3548910.0,2447053.5,3365678.3000000003,84080.8619028798,3529967.0,261290.4587841552,92.25,31.29,17.21,80.0,54.7,6.14,504.63,211.7,32.12,7.187,9.75,890362.0,269417.0,179174.0
2011-07-01,7,3,2011,-0.4999999999999997,-0.8660254037844388,2852221.3,3449296.2,3281142.0,4025377.4,2570558.1,3194219.8333333335,307881.8058054493,3413852.216666667,379327.84195900575,272.73,26.85,14.1,93.2,64.3,7.25,233.64,144.6,32.86,8.0,9.73,896151.0,270426.0,180884.0
2011-08-01,8,3,2011,-0.8660254037844385,-0.5000000000000004,2553839.7,2852221.3,3449296.2,3508479.7,2286196.0,2951785.733333333,455955.47275672003,3168595.9333333336,380579.2086575334,275.49,29.08,18.67,94.7,63.6,7.46,302.28,133.2,33.63,8.0,9.65,899478.0,272814.0,180910.0
2011-09-01,9,3,2011,-1.0,-1.8369701987210297e-16,2561198.3,2553839.7,2852221.3,3366596.7,2270624.0,2655753.1,170186.2287522706,3010715.6999999997,406953.7005564789,256.12,33.57,20.29,93.3,64.4,7.67,265.82,120.8,34.25,8.0,9.6,895609.0,272809.0,180296.0
2011-10-01,10,4,2011,-0.8660254037844386,0.5000000000000001,2454488.2,2561198.3,2553839.7,3281142.0,3355649.6,2523175.4,59598.538835863525,2858697.6166666667,417645.1440197222,344.96,25.71,17.67,92.9,63.9,4.56,287.54,126.6,35.31,7.781,9.48,898545.0,275044.0,180899.0
2011-11-01,11,4,2011,-0.5000000000000004,0.8660254037844384,3164959.7,2454488.2,2561198.3,3449296.2,3229182.4,2726882.066666667,383119.7867256451,2839333.9000000004,396288.98979284917,76.44,29.81,23.67,85.8,52.7,8.59,438.01,204.7,34.85,8.0,9.58,901254.0,275790.0,181961.0
2011-12-01,12,4,2011,-2.4492935982947064e-16,1.0,3478804.1,3164959.7,2454488.2,2852221.3,3548910.0,3032750.6666666665,524800.1401670966,2844251.8833333333,405449.83094373904,67.98,34.87,21.25,79.7,52.3,6.35,400.02,206.0,34.32,8.0,9.68,906149.0,278397.0,182747.0
2012-01-01,1,1,2012,0.49999999999999994,0.8660254037844387,3779646.1,3478804.1,3164959.7,2553839.7,4025377.4,3474469.966666667,307366.11901778536,2998822.6833333336,557403.599334832,79.26,35.77,24.17,80.1,55.0,5.85,436.45,201.1,33.79,8.0,9.77,904816.0,278877.0,182270.0
2012-02-01,2,1,2012,0.8660254037844386,0.5000000000000001,3199403.8,3779646.1,3478804.1,2561198.3,3508479.7,3485951.3333333335,290187.17043585086,3106416.6999999997,515025.81627125054,201.92,34.47,21.78,82.4,55.5,7.39,307.63,213.1,33.99,8.0,9.81,907936.0,280934.0,182523.0
2012-03-01,3,1,2012,1.0,6.123233995736766e-17,4108239.3,3199403.8,3779646.1,2454488.2,3366596.7,3695763.0666666664,460187.74861567747,3364256.8666666667,571621.2147954917,123.69,35.99,23.57,79.4,54.8,8.21,426.2,205.8,33.62,8.0,9.91,911591.0,282924.0,182437.0
2012-04-01,4,2,2012,0.8660254037844387,-0.4999999999999998,4130273.1,4108239.3,3199403.8,3164959.7,3281142.0,3812638.733333333,531191.2882200406,3643554.35,430072.8784113468,72.26,34.59,21.26,76.5,55.7,7.3,320.8,225.6,33.04,7.93,10.04,914710.0,281587.0,183872.0
2012-05-01,5,2,2012,0.49999999999999994,-0.8660254037844387,3491010.0,4130273.1,4108239.3,3478804.1,3449296.2,3909840.7999999993,362885.38322326116,3697896.0666666664,374516.2774597983,121.52,31.33,22.6,81.2,58.5,8.62,444.11,220.1,32.85,8.0,10.04,916293.0,285169.0,183840.0
2012-06-01,6,2,2012,1.2246467991473532e-16,-1.0,3517728.5,3491010.0,4130273.1,3779646.1,2852221.3,3713003.866666667,361612.6095360974,3704383.466666667,370275.236676687,150.31,30.13,16.61,82.0,52.6,7.76,404.75,216.2,32.81,7.805,10.08,914297.0,286461.0,183236.0
2012-07-01,7,3,2012,-0.4999999999999997,-0.8660254037844388,2781686.3,3517728.5,3491010.0,3199403.8,2553839.7,3263474.9333333336,417455.0095129591,3538056.8333333335,522539.3876335652,638.98,25.39,16.4,92.7,64.0,6.15,319.56,150.5,35.11,7.957,9.81,920262.0,288163.0,184665.0
2012-08-01,8,3,2012,-0.8660254037844385,-0.5000000000000004,2128206.2,2781686.3,3517728.5,4108239.3,2561198.3,2809207.0,695169.8333829582,3359523.9,780638.9613334982,400.57,26.66,16.62,97.3,66.2,7.31,304.98,112.5,36.38,8.0,9.62,919007.0,287703.0,185137.0
2012-09-01,9,3,2012,-1.0,-1.8369701987210297e-16,2204283.5,2128206.2,2781686.3,4130273.1,2454488.2,2371392.0,357355.56292464334,3042197.9333333336,802099.3649952123,596.58,27.35,17.72,91.8,68.0,6.34,328.7,139.1,38.42,8.0,9.36,923326.0,289210.0,185499.0
2012-10-01,10,4,2012,-0.8660254037844386,0.5000000000000001,1930072.0,2204283.5,2128206.2,3491010.0,3164959.7,2087520.5666666667,141560.86059664015,2675497.75,701843.1923391805,603.89,30.47,18.54,93.3,64.7,8.7,308.44,133.9,40.38,8.0,9.1,922279.0,292278.0,184901.0
2012-11-01,11,4,2012,-0.5000000000000004,0.8660254037844384,3011583.2,1930072.0,2204283.5,3517728.5,3478804.1,2381979.566666667,562226.411699915,2595593.283333333,611964.7359458214,105.2,30.51,18.36,80.4,56.7,7.29,499.73,208.4,39.72,8.0,9.19,928748.0,293935.0,186231.0
2012-12-01,12,4,2012,-2.4492935982947064e-16,1.0,3077860.5,3011583.2,1930072.0,2781686.3,3779646.1,2673171.9,644396.047597151,2522281.9499999997,494470.4624322997,155.67,33.59,17.99,83.2,54.1,3.6,498.51,209.4,39.31,8.0,9.28,926428.0,293295.0,185687.0
2013-01-01,1,1,2013,0.49999999999999994,0.8660254037844387,3582256.0,3077860.5,3011583.2,2128206.2,3199403.8,3223899.9,312109.74180443515,2655710.233333333,659081.3182308929,85.97,36.34,24.51,80.6,52.2,5.29,420.06,185.2,38.47,8.0,9.43,929771.0,294748.0,185981.0
2013-02-01,2,1,2013,0.8660254037844386,0.5000000000000001,3822775.2,3582256.0,3077860.5,2204283.5,4108239.3,3494297.233333333,380167.1159426676,2938138.4,745268.6811455883,80.61,34.68,24.28,81.5,55.5,5.73,372.62,213.6,37.57,8.0,9.61,930803.0,295336.0,186685.0
2013-03-01,3,1,2013,1.0,6.123233995736766e-17,3426113.2,3822775.2,3582256.0,1930072.0,4130273.1,3610381.466666667,199821.087394239,3141776.6833333336,667516.6101348744,78.19,36.51,22.93,79.8,56.7,3.78,335.64,188.4,36.9,8.0,9.7,931731.0,297236.0,187864.0
2013-04-01,4,2,2013,0.8660254037844387,-0.4999999999999998,3962992.7,3426113.2,3822775.2,3011583.2,3491010.0,3737293.7000000007,278460.43616958096,3480596.8000000003,386073.879380519,39.85,33.43,22.4,82.2,57.7,6.14,501.27,207.6,35.94,7.641,9.85,935457.0,300207.0,187159.0
2013-05-01,5,2,2013,0.49999999999999994,-0.8660254037844387,3664190.8,3962992.7,3426113.2,3077860.5,3517728.5,3684432.233333333,269011.4980769528,3589364.733333334,312414.9233378681,56.62,30.22,19.28,81.6,58.4,4.44,441.22,194.5,35.22,8.0,9.92,936052.0,301151.0,187524.0
2013-06-01,6,2,2013,1.2246467991473532e-16,-1.0,3599799.5,3664190.8,3962992.7,3582256.0,2781686.3,3742327.6666666665,193794.61442704417,3676354.566666667,190307.29814609268,74.51,31.86,16.79,78.9,52.9,5.72,443.41,201.8,34.59,8.0,9.98,940914.0,302210.0,188739.0
2013-07-01,7,3,2013,-0.4999999999999997,-0.8660254037844388,3143621.3,3599799.5,3664190.8,3822775.2,2128206.2,3469203.8666666667,283794.935942955,3603248.7833333337,291193.3373077979,284.02,27.85,13.58,97.1,64.3,7.0,308.44,146.6,35.09,8.0,9.9,940040.0,303955.0,188393.0
2013-08-01,8,3,2013,-0.8660254037844385,-0.5000000000000004,2669087.6,3143621.3,3599799.5,3426113.2,2204283.5,3137502.8000000003,465386.1162863495,3410967.516666666,453122.62230633915,328.62,28.14,16.32,97.2,63.3,7.67,290.54,138.7,35.94,7.983,9.82,942571.0,305193.0,188827.0
2013-09-01,9,3,2013,-1.0,-1.8369701987210297e-16,2446850.0,2669087.6,3143621.3,3962992.7,1930072.0,2753186.3000000003,355917.13169246336,3247756.983333333,599344.2548824553,188.2,26.3,15.62,94.4,68.9,7.72,249.58,146.5,36.09,8.0,9.76,945941.0,307509.0,189710.0
2013-10-01,10,4,2013,-0.8660254037844386,0.5000000000000001,2582219.3,2446850.0,2669087.6,3664190.8,3011583.2,2566052.3000000003,111997.39564021016,3017628.0833333335,530978.3598514706,235.35,31.24,17.32,97.1,62.7,7.53,405.31,135.5,36.4,7.612,9.71,946156.0,308884.0,189659.0
2013-11-01,11,4,2013,-0.5000000000000004,0.8660254037844384,3539668.0,2582219.3,2446850.0,3599799.5,3077860.5,2856245.766666667,595718.6194894061,2996874.283333333,502312.27336709766,87.47,31.89,19.66,78.4,55.9,7.63,458.27,199.8,35.79,8.0,9.83,948340.0,309746.0,190794.0
2013-12-01,12,4,2013,-2.4492935982947064e-16,1.0,3388351.4,3539668.0,2582219.3,3143621.3,3582256.0,3170079.5666666664,514693.0621282405,2961632.933333333,456918.3514279711,72.11,33.38,23.87,76.3,54.3,8.05,323.23,188.4,35.15,7.992,9.93,948327.0,311152.0,189389.0
2014-01-01,1,1,2014,0.49999999999999994,0.8660254037844387,3610067.7,3388351.4,3539668.0,2669087.6,3822775.2,3512695.6999999997,113292.3569659161,3039374.0,528196.5050432462,74.62,29.54,22.38,84.8,55.9,3.66,445.73,202.7,34.54,7.597,10.01,953249.0,314319.0,191244.0
2014-02-01,2,1,2014,0.8660254037844386,0.5000000000000001,3752960.5,3610067.7,3388351.4,2446850.0,3426113.2,3583793.1999999997,183719.10886838316,3220019.483333333,560580.8899283644,53.9,36.69,25.34,78.6,56.8,4.67,356.03,224.6,33.84,7.84,10.09,955123.0,313723.0,191407.0
2014-03-01,3,1,2014,1.0,6.123233995736766e-17,3573518.2,3752960.5,3610067.7,2582219.3,3962992.7,3645515.466666667,94827.70100854676,3407797.516666667,421155.8914882284,90.78,34.58,26.37,80.3,55.5,4.59,394.06,224.0,33.43,7.814,10.16,956282.0,314686.0,191478.0
2014-04-01,4,2,2014,0.8660254037844387,-0.4999999999999998,3718096.2,3573518.2,3752960.5,3539668.0,3664190.8,3681524.966666667,95147.12863752908,3597110.3333333335,131553.22146911014,73.21,35.27,20.92,82.3,50.2,4.76,311.26,200.5,32.97,7.291,10.27,959116.0,316434.0,191809.0
2014-05-01,5,2,2014,0.49999999999999994,-0.8660254037844387,3939973.8,3718096.2,3573518.2,3388351.4,3599799.5,3743862.733333333,184581.58730723034,3663827.966666667,186590.20870603176,77.41,31.68,20.41,78.0,56.4,6.83,440.73,215.0,32.49,7.406,10.36,958096.0,317998.0,192086.0
2014-06-01,6,2,2014,1.2246467991473532e-16,-1.0,3371594.9,3939973.8,3718096.2,3610067.7,3143621.3,3676554.966666667,286457.49953779625,3661035.216666667,191596.22109028013,95.6,29.39,16.49,77.9,52.5,6.5,412.25,199.4,32.27,7.488,10.41,963135.0,321025.0,192882.0
2014-07-01,7,3,2014,-0.4999999999999997,-0.8660254037844388,2847653.1,3371594.9,3939973.8,3752960.5,2669087.6,3386407.266666667,546310.9760629245,3533966.116666667,386175.8673427172,261.85,30.01,16.22,93.7,66.1,7.1,228.31,137.3,32.94,8.0,10.33,965428.0,321958.0,193233.0
2014-08-01,8,3,2014,-0.8660254037844385,-0.5000000000000004,2678507.7,2847653.1,3371594.9,3573518.2,2446850.0,2965918.5666666664,361362.01675795094,3354890.6500000004,497413.59626220283,267.04,25.09,18.67,97.5,64.5,5.47,186.23,139.1,33.61,8.0,10.23,965633.0,324680.0,193097.0
2014-09-01,9,3,2014,-1.0,-1.8369701987210297e-16,2730299.8,2678507.7,2847653.1,3718096.2,2582219.3,2752153.533333333,86664.47271369612,3214354.25,540539.4110825687,238.73,32.53,14.18,93.3,65.5,7.57,238.19,151.5,34.11,8.0,10.15,967360.0,324343.0,193676.0
2014-10-01,10,4,2014,-0.8660254037844386,0.5000000000000001,2546731.7,2730299.8,2678507.7,3939973.8,3539668.0,2651846.4,94643.70302703326,3019126.8333333335,533703.2370964434,305.97,29.15,16.96,96.6,65.5,6.33,314.22,117.7,34.94,7.943,10.01,967918.0,326009.0,193616.0
2014-11-01,11,4,2014,-0.5000000000000004,0.8660254037844384,3346546.3,2546731.7,2730299.8,3371594.9,3388351.4,2874525.9333333336,418959.10509917705,2920222.25,353481.9367218518,86.02,33.08,21.53,80.9,51.6,6.35,352.02,213.7,34.5,8.0,10.08,970484.0,327749.0,194370.0
2014-12-01,12,4,2014,-2.4492935982947064e-16,1.0,3195046.9,3346546.3,2546731.7,2847653.1,3610067.7,3029441.6333333333,424846.65098608675,2890797.5833333335,313478.5003703093,60.31,31.43,23.43,80.5,53.8,6.05,389.13,222.8,34.02,7.638,10.11,972183.0,329715.0,194685.0
2015-01-01,1,1,2015,0.49999999999999994,0.8660254037844387,4073161.0,3195046.9,3346546.3,2678507.7,3752960.5,3538251.4,469397.72813597304,3095048.9,572215.7025879766,57.89,34.64,26.19,77.9,50.2,5.39,576.0,224.4,33.3,8.0,10.19,976636.0,331858.0,195343.0
2015-02-01,2,1,2015,0.8660254037844386,0.5000000000000001,4045602.4,4073161.0,3195046.9,2730299.8,3573518.2,3771270.1,499214.1336863107,3322898.016666667,641203.2621113812,53.9,35.62,21.77,81.2,56.0,9.08,460.37,193.4,32.66,8.0,10.27,978613.0,331109.0,195865.0
2015-03-01,3,1,2015,1.0,6.123233995736766e-17,3609542.2,4045602.4,4073161.0,2546731.7,3718096.2,3909435.1999999997,260080.23318823,3469438.4166666665,575822.1644154974,81.65,36.69,20.0,80.3,54.2,8.5,405.78,226.8,32.33,8.0,10.3,981618.0,333618.0,195889.0
2015-04-01,4,2,2015,0.8660254037844387,-0.4999999999999998,4086005.5,3609542.2,4045602.4,3346546.3,3939973.8,3913716.6999999997,264196.3237066218,3725984.0500000003,397926.9120164465,56.12,34.35,24.43,79.4,51.6,5.49,360.27,208.2,31.76,7.579,10.39,982959.0,334808.0,195905.0
2015-05-01,5,2,2015,0.49999999999999994,-0.8660254037844387,3818208.9,4086005.5,3609542.2,3195046.9,3371594.9,3837918.8666666667,238842.3772097975,3804594.483333333,351904.5188667108,67.21,32.96,18.95,74.9,56.6,4.02,372.05,211.1,31.32,7.521,10.46,981829.0,335880.0,195143.0
2015-06-01,6,2,2015,1.2246467991473532e-16,-1.0,3880915.2,3818208.9,4086005.5,4073161.0,2847653.1,3928376.533333333,140064.94338066044,3918905.8666666667,187113.8654838702,96.86,30.77,18.84,80.8,54.7,7.88,455.73,216.5,31.1,7.353,10.52,987162.0,337470.0,197706.0
2015-07-01,7,3,2015,-0.4999999999999997,-0.8660254037844388,3259847.5,3880915.2,3818208.9,4045602.4,2678507.7,3652990.533333333,341912.420816832,3783353.6166666667,308342.27829308674,266.48,30.12,19.53,94.1,64.2,8.63,280.91,138.6,31.78,8.0,10.42,987813.0,339672.0,197125.0
2015-08-01,8,3,2015,-0.8660254037844385,-0.5000000000000004,3004164.6,3259847.5,3880915.2,3609542.2,2730299.8,3381642.4333333336,450886.24728344195,3609780.65,408159.3937922307,174.85,23.36,14.07,93.2,64.6,5.65,280.95,146.5,32.1,7.934,10.37,991051.0,341692.0,197706.0
2015-09-01,9,3,2015,-1.0,-1.8369701987210297e-16,3116229.8,3004164.6,3259847.5,4086005.5,2546731.7,3126747.3000000003,128165.51678509491,3527561.9166666665,455192.9959293972,333.94,26.71,17.65,94.6,66.3,5.65,322.36,135.3,33.08,7.596,10.24,994845.0,342050.0,198725.0
2015-10-01,10,4,2015,-0.8660254037844386,0.5000000000000001,2615878.4,3116229.8,3004164.6,3818208.9,3346546.3,2912090.9333333336,262575.80037119327,3282540.733333333,488896.4378718728,298.09,26.87,19.37,94.3,63.0,3.78,341.02,134.5,33.93,8.0,10.13,996747.0,345242.0,199711.0
2015-11-01,11,4,2015,-0.5000000000000004,0.8660254037844384,3423753.9,2615878.4,3116229.8,3880915.2,3195046.9,3051954.033333333,407755.118313067,3216798.233333333,424774.5168066303,55.97,32.57,21.53,77.7,52.8,6.82,420.31,212.8,33.4,7.957,10.18,995439.0,343509.0,198253.0
2015-12-01,12,4,2015,-2.4492935982947064e-16,1.0,3641488.4,3423753.9,2615878.4,3259847.5,4073161.0,3227040.233333333,540362.0712217727,3176893.766666666,355506.15863319486,60.34,35.61,18.76,75.5,57.0,3.21,352.88,220.2,32.92,7.897,10.26,1000334.0,347985.0,199626.0
2016-01-01,1,1,2016,0.49999999999999994,0.8660254037844387,3751549.4,3641488.4,3423753.9,3004164.6,4045602.4,3605597.233333333,166819.0766626707,3258844.0833333335,427779.3339486716,91.28,36.5,22.72,78.2,55.0,9.07,353.22,205.3,32.55,7.607,10.34,998824.0,348574.0,198756.0
2016-02-01,2,1,2016,0.8660254037844386,0.5000000000000001,3990089.8,3751549.4,3641488.4,3116229.8,3609542.2,3794375.8666666667,178203.0126172308,3423164.9499999997,494535.41194696055,111.86,37.71,25.28,80.9,57.5,6.96,462.92,214.7,32.3,7.772,10.35,1005459.0,353931.0,200676.0
2016-03-01,3,1,2016,1.0,6.123233995736766e-17,3786273.0,3990089.8,3751549.4,2615878.4,4086005.5,3842637.4,128872.37795029554,3534838.8166666664,486957.559349749,49.28,32.9,26.83,83.5,57.7,6.02,501.08,210.9,31.78,7.415,10.41,1006373.0,351559.0,199945.0
2016-04-01,4,2,2016,0.8660254037844387,-0.4999999999999998,4125365.6,3786273.0,3990089.8,3423753.9,3818208.9,3967242.8000000003,170696.91532199568,3786420.016666667,249043.51278943935,71.28,34.12,19.39,79.9,54.8,6.02,472.55,226.3,31.35,7.588,10.46,1006057.0,351651.0,199988.0
2016-05-01,5,2,2016,0.49999999999999994,-0.8660254037844387,3881919.6,4125365.6,3786273.0,3641488.4,3880915.2,3931186.0666666664,174832.30936259372,3862780.966666667,174768.90252093607,80.98,29.84,19.7,78.5,52.5,3.32,441.12,213.4,31.09,8.0,10.56,1012823.0,356316.0,202031.0
2016-06-01,6,2,2016,1.2246467991473532e-16,-1.0,4163625.6,3881919.6,4125365.6,3751549.4,3259847.5,4056970.266666667,152800.55243793613,3949803.8333333335,172522.49931420604,83.38,32.05,18.08,78.3,52.8,7.93,440.37,211.8,30.77,7.957,10.6,1010800.0,355971.0,201823.0
2016-07-01,7,3,2016,-0.4999999999999997,-0.8660254037844388,3193854.6,4163625.6,3881919.6,3990089.8,3004164.6,3746466.6,498873.315098135,3856854.7000000007,354721.6482157605,335.75,27.9,16.97,94.6,63.8,6.26,269.62,137.9,31.86,8.0,10.46,1013443.0,358501.0,201843.0
2016-08-01,8,3,2016,-0.8660254037844385,-0.5000000000000004,2992556.5,3193854.6,4163625.6,3786273.0,3116229.8,3450012.233333333,626149.5500915931,3690599.15,488375.1790951187,290.3,28.55,13.72,94.0,67.9,4.41,199.06,123.8,32.65,7.752,10.32,1014901.0,357776.0,201373.0
2016-09-01,9,3,2016,-1.0,-1.8369701987210297e-16,2995762.4,2992556.5,3193854.6,4125365.6,2615878.4,3060724.5,115305.19109393274,3558847.3833333333,558935.6015211344,289.82,30.96,11.19,95.8,68.1,6.07,275.05,124.1,33.39,8.0,10.25,1017156.0,360999.0,202061.0
2016-10-01,10,4,2016,-0.8660254037844386,0.5000000000000001,3148479.3,2995762.4,2992556.5,3881919.6,3423753.9,3045599.4,89111.02522532329,3396033.0,500090.58513856796,236.69,33.67,17.33,98.8,65.1,7.4,287.58,153.0,33.79,7.644,10.19,1019714.0,362754.0,202176.0
2016-11-01,11,4,2016,-0.5000000000000004,0.8660254037844384,3731193.4,3148479.3,2995762.4,4163625.6,3641488.4,3291811.6999999997,388101.56094451615,3370911.966666667,473901.52447430894,108.24,30.59,21.94,79.3,54.0,6.42,418.61,217.4,33.42,7.497,10.31,1020015.0,364097.0,203228.0
2016-12-01,12,4,2016,-2.4492935982947064e-16,1.0,4125599.9,3731193.4,3148479.3,3193854.6,3751549.4,3668424.1999999997,491575.1682983722,3364574.3499999996,461265.9220952035,80.21,30.13,23.33,78.0,52.1,4.96,421.92,207.7,32.88,7.729,10.41,1021627.0,365252.0,203768.0
2017-01-01,1,1,2017,0.49999999999999994,0.8660254037844387,3662933.4,4125599.9,3731193.4,2992556.5,3990089.8,3839908.9,249758.61849144302,3442754.1500000004,466268.5186328347,76.31,34.29,23.37,80.6,53.0,3.16,420.6,215.6,32.48,7.785,10.4,1027694.0,367998.0,204328.0
2017-02-01,2,1,2017,0.8660254037844386,0.5000000000000001,4107061.4,3662933.4,4125599.9,2995762.4,3786273.0,3965198.233333333,261933.08515361007,3628504.9666666663,472998.4482687712,53.85,35.79,23.94,80.5,56.9,4.36,343.42,197.2,31.9,8.0,10.51,1026918.0,369199.0,204405.0
2017-03-01,3,1,2017,1.0,6.123233995736766e-17,3858090.6,4107061.4,3662933.4,3148479.3,4125365.6,3876028.4666666663,222606.70562994672,3772226.3333333335,359735.75865217095,94.34,30.46,20.06,78.3,53.9,5.53,419.08,204.2,31.63,7.867,10.55,1031628.0,371378.0,205558.0
2017-04-01,4,2,2017,0.8660254037844387,-0.4999999999999998,4141325.0,3858090.6,4107061.4,3731193.4,3881919.6,4035492.3333333335,154586.64176926407,3937700.6166666667,214444.45142747698,87.68,34.96,18.93,80.8,55.2,5.07,515.93,206.9,31.25,7.516,10.6,1032648.0,373336.0,205742.0
2017-05-01,5,2,2017,0.49999999999999994,-0.8660254037844387,4003817.8,4141325.0,3858090.6,4125599.9,4163625.6,4001077.7999999993,141637.0786053046,3983138.016666667,189352.06427399575,105.1,32.14,17.85,78.5,55.8,7.48,377.78,213.9,31.0,7.437,10.66,1032915.0,371391.0,206031.0
2017-06-01,6,2,2017,1.2246467991473532e-16,-1.0,3896865.9,4003817.8,4141325.0,3662933.4,3193854.6,4014002.9,122547.39935924922,3945015.6833333336,177594.27769087467,109.19,32.73,14.24,79.4,53.3,5.75,380.95,209.5,30.82,8.0,10.69,1037243.0,373912.0,205923.0
2017-07-01,7,3,2017,-0.4999999999999997,-0.8660254037844388,3140934.9,3896865.9,4003817.8,4107061.4,2992556.5,3680539.533333333,470361.0820045662,3858015.933333333,368581.16878043115,383.92,28.07,16.69,95.0,65.9,7.66,363.74,147.1,32.09,7.106,10.56,1040450.0,377557.0,206602.0
2017-08-01,8,3,2017,-0.8660254037844385,-0.5000000000000004,3254941.2,3140934.9,3896865.9,3858090.6,2995762.4,3430914.0,407532.50047711685,3715995.9,414708.99199501117,288.93,29.88,17.73,95.4,66.8,7.63,344.18,140.3,32.85,8.0,10.49,1043903.0,378804.0,207128.0
2017-09-01,9,3,2017,-1.0,-1.8369701987210297e-16,2989690.2,3254941.2,3140934.9,4141325.0,3148479.3,3128522.1,133060.44285635446,3571262.5,498309.1939426027,289.06,29.3,9.24,91.6,65.9,6.13,240.81,140.2,33.54,8.0,10.36,1043571.0,381193.0,207559.0
2017-10-01,10,4,2017,-0.8660254037844386,0.5000000000000001,2798315.7,2989690.2,3254941.2,4003817.8,3731193.4,3014315.7000000007,229306.614056918,3347427.6166666667,492630.375754793,347.52,30.0,18.82,98.2,65.3,7.15,286.87,125.4,34.48,8.0,10.2,1047184.0,383166.0,208233.0
2017-11-01,11,4,2017,-0.5000000000000004,0.8660254037844384,3890176.9,2798315.7,2989690.2,3896865.9,4125599.9,3226060.9333333336,583046.7928895272,3328487.466666667,463680.87553227553,60.25,33.85,20.07,79.4,54.8,4.5,455.22,210.6,33.8,8.0,10.22,1046889.0,383775.0,207975.0
2017-12-01,12,4,2017,-2.4492935982947064e-16,1.0,3761866.5,3890176.9,2798315.7,3140934.9,3662933.4,3483453.033333333,596804.6278577063,3305987.5666666664,432833.83456617815,73.45,31.17,22.89,80.9,51.9,6.56,462.64,210.6,33.33,7.883,10.32,1050041.0,386627.0,208747.0
2018-01-01,1,1,2018,0.49999999999999994,0.8660254037844387,4115402.2,3761866.5,3890176.9,3254941.2,4107061.4,3922481.8666666667,178968.1003618483,3468398.7833333337,530352.8802244372,76.05,34.86,22.5,81.7,58.0,5.84,498.84,226.3,32.83,8.0,10.41,1051845.0,386332.0,208861.0
2018-02-01,2,1,2018,0.8660254037844386,0.5000000000000001,4340075.6,4115402.2,3761866.5,2989690.2,3858090.6,4072448.0999999996,291487.9617768393,3649254.516666666,620382.8564630357,142.22,36.26,25.65,79.9,53.5,6.0,456.29,204.2,32.55,7.593,10.42,1053859.0,389117.0,210115.0
2018-03-01,3,1,2018,1.0,6.123233995736766e-17,4046696.2,4340075.6,4115402.2,2798315.7,4141325.0,4167391.3333333335,153443.86783009637,3825422.183333333,540573.5779936669,140.67,36.98,24.22,77.5,57.9,4.43,313.22,203.3,32.37,7.989,10.5,1054983.0,390680.0,209821.0
2018-04-01,4,2,2018,0.8660254037844387,-0.4999999999999998,3933108.2,4046696.2,4340075.6,3890176.9,4003817.8,4106626.6666666665,209998.48045131107,4014554.266666667,201554.8791413876,104.07,33.33,23.24,80.7,55.6,2.84,455.18,212.4,32.07,7.727,10.51,1058472.0,395110.0,209866.0
2018-05-01,5,2,2018,0.49999999999999994,-0.8660254037844387,3971001.8,3933108.2,4046696.2,3761866.5,3896865.9,3983602.0666666664,57832.80622673514,4028025.0833333335,194144.35718418987,91.63,31.99,22.09,82.4,55.4,5.21,446.99,203.3,31.75,7.766,10.56,1061131.0,393284.0,210363.0
2018-06-01,6,2,2018,1.2246467991473532e-16,-1.0,4086891.0,3971001.8,3933108.2,4115402.2,3140934.9,3997000.3333333335,80120.09857444731,4082195.8333333335,143859.75174588306,137.03,31.61,19.35,78.1,56.9,4.86,423.04,215.3,31.58,8.0,10.59,1063158.0,396872.0,211006.0
2018-07-01,7,3,2018,-0.4999999999999997,-0.8660254037844388,3432172.5,4086891.0,3971001.8,4340075.6,3254941.2,3830021.766666667,349386.0413776836,3968324.2166666663,299033.5571332531,375.69,26.62,17.41,92.5,64.6,5.13,398.64,136.5,32.68,7.821,10.46,1067499.0,398260.0,211551.0
2018-08-01,8,3,2018,-0.8660254037844385,-0.5000000000000004,3020373.6,3432172.5,4086891.0,4046696.2,2989690.2,3513145.6999999997,537849.7331638028,3748373.8833333333,428310.104313834,585.73,28.24,16.89,94.7,67.9,6.23,341.2,130.9,34.76,8.0,10.23,1072781.0,401713.0,212391.0
2018-09-01,9,3,2018,-1.0,-1.8369701987210297e-16,3212726.0,3020373.6,3432172.5,3933108.2,2798315.7,3221757.3666666667,206047.94999758215,3609378.85,447046.40963478177,409.56,31.43,16.38,94.6,62.8,5.83,221.98,133.1,35.8,8.0,10.07,1067724.0,399105.0,212050.0
2018-10-01,10,4,2018,-0.8660254037844386,0.5000000000000001,2616837.9,3212726.0,3020373.6,3971001.8,3890176.9,2949979.1666666665,304117.0648182127,3390000.4666666663,564061.7088171379,544.34,28.83,20.87,95.5,64.7,7.37,294.38,139.7,37.57,7.381,9.84,1070630.0,402372.0,212161.0
2018-11-01,11,4,2018,-0.5000000000000004,0.8660254037844384,3487743.5,2616837.9,3212726.0,4086891.0,3761866.5,3105769.1333333333,445195.42846171034,3309457.4166666665,494751.6772238018,100.01,33.31,19.45,78.8,55.0,5.02,427.94,216.3,36.88,8.0,9.93,1075189.0,403798.0,212591.0
2018-12-01,12,4,2018,-2.4492935982947064e-16,1.0,3741101.9,3487743.5,2616837.9,3432172.5,4115402.2,3281894.4333333336,589722.6162439904,3251825.9000000004,396454.72472821345,173.99,35.95,24.48,82.3,56.2,4.35,449.15,214.3,36.57,7.773,9.97,1076312.0,406879.0,213372.0
2019-01-01,1,1,2019,0.49999999999999994,0.8660254037844387,4392625.0,3741101.9,3487743.5,3020373.6,4340075.6,3873823.466666667,466812.48157521413,3411901.3166666664,616609.211754061,120.44,38.07,25.14,83.0,54.5,6.15,401.64,196.8,35.9,8.0,10.04,1076300.0,407866.0,212869.0
2019-02-01,2,1,2019,0.8660254037844386,0.5000000000000001,4211519.3,4392625.0,3741101.9,3212726.0,4046696.2,4115082.0666666664,336297.0300763164,3610425.5999999996,655844.2223597904,84.96,36.7,22.02,80.9,55.0,5.72,401.93,200.8,35.15,7.457,10.15,1079139.0,407854.0,214263.0
2019-03-01,3,1,2019,1.0,6.123233995736766e-17,4121355.4,4211519.3,4392625.0,2616837.9,3933108.2,4241833.233333333,138152.0896933935,3761863.8333333335,650529.2118899415,84.66,34.98,19.27,78.2,54.5,5.75,503.02,201.5,34.49,8.0,10.26,1083862.0,412453.0,215135.0
2019-04-01,4,2,2019,0.8660254037844387,-0.4999999999999998,4374167.8,4121355.4,4211519.3,3487743.5,3971001.8,4235680.833333333,128126.35235661482,4054752.15,364711.2943032057,92.05,33.82,22.01,83.4,50.4,6.02,382.72,188.3,33.85,7.971,10.35,1090823.0,413129.0,215617.0
2019-05-01,5,2,2019,0.49999999999999994,-0.8660254037844387,4235456.5,4374167.8,4121355.4,3741101.9,4086891.0,4243659.899999999,126605.68402373619,4179370.983333333,237927.62435981605,87.95,34.04,22.06,80.4,56.9,7.05,381.57,211.1,33.25,7.851,10.43,1085616.0,413124.0,214400.0
2019-06-01,6,2,2019,1.2246467991473532e-16,-1.0,4215088.9,4235456.5,4374167.8,4392625.0,3432172.5,4274904.4,86565.7363921679,4258368.816666666,104689.83360816582,76.71,25.1,15.16,77.6,54.3,4.52,322.46,205.8,32.71,7.626,10.54,1088541.0,414685.0,215544.0
2019-07-01,7,3,2019,-0.4999999999999997,-0.8660254037844388,3302845.5,4215088.9,4235456.5,4211519.3,3020373.6,3917796.966666667,532660.9517780135,4076738.9,387779.1465421839,298.48,27.71,15.81,92.7,61.2,7.07,248.01,134.2,33.4,7.81,10.41,1091551.0,418868.0,216172.0
2019-08-01,8,3,2019,-0.8660254037844385,-0.5000000000000004,3080795.2,3302845.5,4215088.9,4121355.4,3212726.0,3532909.866666667,601126.2422089278,3888284.8833333333,550002.1693454771,189.5,28.73,16.83,92.4,66.7,7.18,319.35,127.4,33.64,8.0,10.36,1095005.0,420030.0,217513.0
2019-09-01,9,3,2019,-1.0,-1.8369701987210297e-16,3054449.5,3080795.2,3302845.5,4374167.8,2616837.9,3146030.0666666664,136443.5197279936,3710467.233333333,626698.7812775613,208.75,29.76,16.25,98.1,67.0,10.1,324.48,132.9,33.94,7.662,10.31,1096453.0,419612.0,216403.0
2019-10-01,10,4,2019,-0.8660254037844386,0.5000000000000001,2956695.8,3054449.5,3080795.2,4235456.5,3487743.5,3030646.8333333335,65384.17603229756,3474221.9000000004,592715.547064353,325.56,32.97,15.88,92.4,64.0,6.22,287.19,139.6,34.7,7.657,10.2,1094373.0,422104.0,216332.0
2019-11-01,11,4,2019,-0.5000000000000004,0.8660254037844384,3817270.9,2956695.8,3054449.5,4215088.9,3741101.9,3276138.733333333,471176.14839563397,3404524.3000000003,503113.61860881053,62.09,36.56,20.6,81.8,54.0,2.02,372.07,206.5,34.08,8.0,10.27,1099427.0,427511.0,217580.0
2019-12-01,12,4,2019,-2.4492935982947064e-16,1.0,3963235.0,3817270.9,2956695.8,3302845.5,4392625.0,3579067.233333333,543908.1084100944,3362548.65,426658.5310320312,47.51,31.61,24.65,79.9,57.6,4.65,465.58,212.4,33.4,8.0,10.33,1104326.0,426566.0,217831.0
