model,split,date,month,residual,absolute_error
Seasonal naive,validation,2020-01-01,1,752276.0,752276.0
Seasonal naive,validation,2020-02-01,2,586649.1000000001,586649.1000000001
Seasonal naive,validation,2020-03-01,3,-93536.0,93536.0
Seasonal naive,validation,2020-04-01,4,124673.0,124673.0
Seasonal naive,validation,2020-05-01,5,174199.59999999963,174199.59999999963
Seasonal naive,validation,2020-06-01,6,303546.2000000002,303546.2000000002
Seasonal naive,validation,2020-07-01,7,-308839.1000000001,308839.1000000001
Seasonal naive,validation,2020-08-01,8,-207173.1000000001,207173.1000000001
Seasonal naive,validation,2020-09-01,9,-129400.8999999999,129400.8999999999
Seasonal naive,validation,2020-10-01,10,20688.5,20688.5
Seasonal naive,validation,2020-11-01,11,-87731.70000000019,87731.70000000019
Seasonal naive,validation,2020-12-01,12,-488229.7000000002,488229.7000000002
Seasonal naive,validation,2021-01-01,1,483322.10000000056,483322.10000000056
Seasonal naive,validation,2021-02-01,2,563997.1999999997,563997.1999999997
Seasonal naive,validation,2021-03-01,3,407080.9000000004,407080.9000000004
Seasonal naive,validation,2021-04-01,4,-77266.20000000019,77266.20000000019
Seasonal naive,validation,2021-05-01,5,372023.0999999996,372023.0999999996
Seasonal naive,validation,2021-06-01,6,500736.5,500736.5
Seasonal naive,validation,2021-07-01,7,360208.8999999999,360208.8999999999
Seasonal naive,validation,2021-08-01,8,387697.8999999999,387697.8999999999
Seasonal naive,validation,2021-09-01,9,460621.1000000001,460621.1000000001
Seasonal naive,validation,2021-10-01,10,20622.200000000186,20622.200000000186
Seasonal naive,validation,2021-11-01,11,74845.29999999981,74845.29999999981
Seasonal naive,validation,2021-12-01,12,19736.299999999814,19736.299999999814
Seasonal naive,test,2022-01-01,1,576747.2000000002,576747.2000000002
Seasonal naive,test,2022-02-01,2,381704.8999999999,381704.8999999999
Seasonal naive,test,2022-03-01,3,771091.4000000004,771091.4000000004
Seasonal naive,test,2022-04-01,4,1113174.9000000004,1113174.9000000004
Seasonal naive,test,2022-05-01,5,404932.2999999998,404932.2999999998
Seasonal naive,test,2022-06-01,6,-93395.79999999981,93395.79999999981
Seasonal naive,test,2022-07-01,7,306709.8999999999,306709.8999999999
Seasonal naive,test,2022-08-01,8,511276.7000000002,511276.7000000002
Seasonal naive,test,2022-09-01,9,451853.1000000001,451853.1000000001
Seasonal naive,test,2022-10-01,10,327381.5,327381.5
Seasonal naive,test,2022-11-01,11,617690.0,617690.0
Seasonal naive,test,2022-12-01,12,322736.0,322736.0
Seasonal naive,test,2023-01-01,1,1276016.7000000002,1276016.7000000002
Seasonal naive,test,2023-02-01,2,859048.1000000001,859048.1000000001
Seasonal naive,test,2023-03-01,3,349313.0,349313.0
Seasonal naive,test,2023-04-01,4,364854.5,364854.5
Seasonal naive,test,2023-05-01,5,823840.3999999994,823840.3999999994
Seasonal naive,test,2023-06-01,6,380945.2999999998,380945.2999999998
Seasonal naive,test,2023-07-01,7,72083.09999999963,72083.09999999963
Seasonal naive,test,2023-08-01,8,-159618.7000000002,159618.7000000002
Seasonal naive,test,2023-09-01,9,-250834.0,250834.0
Seasonal naive,test,2023-10-01,10,-239562.1000000001,239562.1000000001
Seasonal naive,test,2023-11-01,11,139576.6000000001,139576.6000000001
Seasonal naive,test,2023-12-01,12,-240624.0,240624.0
Seasonal naive,test,2024-01-01,1,266909.7999999998,266909.7999999998
Seasonal naive,test,2024-02-01,2,-19975.5,19975.5
Seasonal naive,test,2024-03-01,3,-162865.89999999944,162865.89999999944
Seasonal naive,test,2024-04-01,4,459053.5999999996,459053.5999999996
Seasonal naive,test,2024-05-01,5,147174.89999999944,147174.89999999944
Seasonal naive,test,2024-06-01,6,473544.0,473544.0
Seasonal naive,test,2024-07-01,7,584092.7999999998,584092.7999999998
Seasonal naive,test,2024-08-01,8,335282.6000000001,335282.6000000001
Seasonal naive,test,2024-09-01,9,282185.1000000001,282185.1000000001
Seasonal naive,test,2024-10-01,10,750331.6000000001,750331.6000000001
Seasonal naive,test,2024-11-01,11,998102.5999999996,998102.5999999996
Seasonal naive,test,2024-12-01,12,99641.09999999963,99641.09999999963
Random Forest,validation,2020-01-01,1,749287.123865623,749287.123865623
Random Forest,validation,2020-02-01,2,510501.6990000056,510501.6990000056
Random Forest,validation,2020-03-01,3,20525.03833333589,20525.03833333589
Random Forest,validation,2020-04-01,4,165057.18388889264,165057.18388889264
Random Forest,validation,2020-05-01,5,196090.2073333389,196090.2073333389
Random Forest,validation,2020-06-01,6,281243.1267777751,281243.1267777751
Random Forest,validation,2020-07-01,7,-338083.07783333445,338083.07783333445
Random Forest,validation,2020-08-01,8,-205796.7315000021,205796.7315000021
Random Forest,validation,2020-09-01,9,-159531.30083333375,159531.30083333375
Random Forest,validation,2020-10-01,10,-54280.883388883434,54280.883388883434
Random Forest,validation,2020-11-01,11,-242791.96806745837,242791.96806745837
Random Forest,validation,2020-12-01,12,-119272.65191666596,119272.65191666596
Random Forest,validation,2021-01-01,1,441265.5498690503,441265.5498690503
Random Forest,validation,2021-02-01,2,411820.0109464312,411820.0109464312
Random Forest,validation,2021-03-01,3,644152.2856666683,644152.2856666683
Random Forest,validation,2021-04-01,4,-22792.89966666326,22792.89966666326
Random Forest,validation,2021-05-01,5,425923.15312500065,425923.15312500065
Random Forest,validation,2021-06-01,6,-130238.83873610618,130238.83873610618
Random Forest,validation,2021-07-01,7,375657.13116666395,375657.13116666395
Random Forest,validation,2021-08-01,8,386847.7333166641,386847.7333166641
Random Forest,validation,2021-09-01,9,447878.7470333325,447878.7470333325
Random Forest,validation,2021-10-01,10,-119187.17098332709,119187.17098332709
Random Forest,validation,2021-11-01,11,-33549.54703333229,33549.54703333229
Random Forest,validation,2021-12-01,12,385090.8245303072,385090.8245303072
Random Forest,test,2022-01-01,1,604451.9023333346,604451.9023333346
Random Forest,test,2022-02-01,2,240063.1797333341,240063.1797333341
Random Forest,test,2022-03-01,3,968419.2173333336,968419.2173333336
Random Forest,test,2022-04-01,4,1134984.297777786,1134984.297777786
Random Forest,test,2022-05-01,5,473625.90233333455,473625.90233333455
Random Forest,test,2022-06-01,6,-764799.5843333299,764799.5843333299
Random Forest,test,2022-07-01,7,-129555.94713888643,129555.94713888643
Random Forest,test,2022-08-01,8,22962.28100000508,22962.28100000508
Random Forest,test,2022-09-01,9,-88997.54938888457,88997.54938888457
Random Forest,test,2022-10-01,10,228395.069227783,228395.069227783
Random Forest,test,2022-11-01,11,586606.8219940504,586606.8219940504
Random Forest,test,2022-12-01,12,708516.2352380995,708516.2352380995
Random Forest,test,2023-01-01,1,1239251.843944449,1239251.843944449
Random Forest,test,2023-02-01,2,766461.7070000032,766461.7070000032
Random Forest,test,2023-03-01,3,558767.0708888918,558767.0708888918
Random Forest,test,2023-04-01,4,360140.37427778076,360140.37427778076
Random Forest,test,2023-05-01,5,883266.809888891,883266.809888891
Random Forest,test,2023-06-01,6,526628.5729999994,526628.5729999994
Random Forest,test,2023-07-01,7,-313562.33199999854,313562.33199999854
Random Forest,test,2023-08-01,8,-735171.984688885,735171.984688885
Random Forest,test,2023-09-01,9,-772068.2856666646,772068.2856666646
Random Forest,test,2023-10-01,10,-308885.67513888516,308885.67513888516
Random Forest,test,2023-11-01,11,62017.69083333528,62017.69083333528
Random Forest,test,2023-12-01,12,185563.10474920925,185563.10474920925
Random Forest,test,2024-01-01,1,303598.7780000004,303598.7780000004
Random Forest,test,2024-02-01,2,-184022.5754841254,184022.5754841254
Random Forest,test,2024-03-01,3,-25959.143208330497,25959.143208330497
Random Forest,test,2024-04-01,4,426237.96570833586,426237.96570833586
Random Forest,test,2024-05-01,5,174140.52866666857,174140.52866666857
Random Forest,test,2024-06-01,6,-216831.77699999884,216831.77699999884
Random Forest,test,2024-07-01,7,492553.3613333339,492553.3613333339
Random Forest,test,2024-08-01,8,243790.93979999702,243790.93979999702
Random Forest,test,2024-09-01,9,295467.6571666696,295467.6571666696
Random Forest,test,2024-10-01,10,980064.659977783,980064.659977783
Random Forest,test,2024-11-01,11,912976.1961083356,912976.1961083356
Random Forest,test,2024-12-01,12,589724.3356666681,589724.3356666681
ANN,validation,2020-01-01,1,599260.6035430068,599260.6035430068
ANN,validation,2020-02-01,2,298861.7968812715,298861.7968812715
ANN,validation,2020-03-01,3,-192017.99415852688,192017.99415852688
ANN,validation,2020-04-01,4,-140029.25540514104,140029.25540514104
ANN,validation,2020-05-01,5,-108433.92702896241,108433.92702896241
ANN,validation,2020-06-01,6,-79143.06517540291,79143.06517540291
ANN,validation,2020-07-01,7,-633124.8055919656,633124.8055919656
ANN,validation,2020-08-01,8,-196561.61504006758,196561.61504006758
ANN,validation,2020-09-01,9,-201752.0158074312,201752.0158074312
ANN,validation,2020-10-01,10,204707.26355985412,204707.26355985412
ANN,validation,2020-11-01,11,-244660.87446634797,244660.87446634797
ANN,validation,2020-12-01,12,-408491.9065507483,408491.9065507483
ANN,validation,2021-01-01,1,102873.2269919021,102873.2269919021
ANN,validation,2021-02-01,2,104894.8355663605,104894.8355663605
ANN,validation,2021-03-01,3,205603.86444810778,205603.86444810778
ANN,validation,2021-04-01,4,-631384.7015192816,631384.7015192816
ANN,validation,2021-05-01,5,188227.54188885354,188227.54188885354
ANN,validation,2021-06-01,6,-88381.03570682416,88381.03570682416
ANN,validation,2021-07-01,7,-78202.5959706679,78202.5959706679
ANN,validation,2021-08-01,8,111758.31974345958,111758.31974345958
ANN,validation,2021-09-01,9,187096.0398515109,187096.0398515109
ANN,validation,2021-10-01,10,-310358.0242272862,310358.0242272862
ANN,validation,2021-11-01,11,-138510.82352555916,138510.82352555916
ANN,validation,2021-12-01,12,-1932.4065123368055,1932.4065123368055
ANN,test,2022-01-01,1,343684.3753855061,343684.3753855061
ANN,test,2022-02-01,2,-462278.0350084286,462278.0350084286
ANN,test,2022-03-01,3,477254.8303859094,477254.8303859094
ANN,test,2022-04-01,4,605036.3798408238,605036.3798408238
ANN,test,2022-05-01,5,-100007.0440183729,100007.0440183729
ANN,test,2022-06-01,6,-917071.1186843701,917071.1186843701
ANN,test,2022-07-01,7,-177689.62951388676,177689.62951388676
ANN,test,2022-08-01,8,-2814.5522698140703,2814.5522698140703
ANN,test,2022-09-01,9,-98229.60298432922,98229.60298432922
ANN,test,2022-10-01,10,190079.67072074208,190079.67072074208
ANN,test,2022-11-01,11,244021.0969992252,244021.0969992252
ANN,test,2022-12-01,12,-147263.67869829107,147263.67869829107
ANN,test,2023-01-01,1,534195.2862862935,534195.2862862935
ANN,test,2023-02-01,2,-5879.491508625448,5879.491508625448
ANN,test,2023-03-01,3,-428627.0661490476,428627.0661490476
ANN,test,2023-04-01,4,-542732.7339637494,542732.7339637494
ANN,test,2023-05-01,5,389318.1776305903,389318.1776305903
ANN,test,2023-06-01,6,-200490.78162282333,200490.78162282333
ANN,test,2023-07-01,7,-459202.1336983177,459202.1336983177
ANN,test,2023-08-01,8,-905355.0069680898,905355.0069680898
ANN,test,2023-09-01,9,-672865.5264448347,672865.5264448347
ANN,test,2023-10-01,10,-237446.9588009715,237446.9588009715
ANN,test,2023-11-01,11,-43835.71413863776,43835.71413863776
ANN,test,2023-12-01,12,-647769.929753473,647769.929753473
ANN,test,2024-01-01,1,-243187.39314363897,243187.39314363897
ANN,test,2024-02-01,2,-914412.6654091668,914412.6654091668
ANN,test,2024-03-01,3,-582837.5410118653,582837.5410118653
ANN,test,2024-04-01,4,-33968.97365943622,33968.97365943622
ANN,test,2024-05-01,5,-350983.0015225811,350983.0015225811
ANN,test,2024-06-01,6,-156927.9809466619,156927.9809466619
ANN,test,2024-07-01,7,-241583.09837463917,241583.09837463917
ANN,test,2024-08-01,8,-674468.7085568798,674468.7085568798
ANN,test,2024-09-01,9,-284771.66171407886,284771.66171407886
ANN,test,2024-10-01,10,411122.7688913131,411122.7688913131
ANN,test,2024-11-01,11,409578.0564109329,409578.0564109329
ANN,test,2024-12-01,12,-393846.5567210857,393846.5567210857
LSTM,validation,2020-01-01,1,568952.7999999998,568952.7999999998
LSTM,validation,2020-02-01,2,332873.5,332873.5
LSTM,validation,2020-03-01,3,-64514.700000000186,64514.700000000186
LSTM,validation,2020-04-01,4,88283.0,88283.0
LSTM,validation,2020-05-01,5,335068.2999999998,335068.2999999998
LSTM,validation,2020-06-01,6,-203005.5,203005.5
LSTM,validation,2020-07-01,7,-474193.1000000001,474193.1000000001
LSTM,validation,2020-08-01,8,-179164.1000000001,179164.1000000001
LSTM,validation,2020-09-01,9,-383135.1000000001,383135.1000000001
LSTM,validation,2020-10-01,10,174789.6000000001,174789.6000000001
LSTM,validation,2020-11-01,11,-144891.7000000002,144891.7000000002
LSTM,validation,2020-12-01,12,-160540.2999999998,160540.2999999998
LSTM,validation,2021-01-01,1,330214.9000000004,330214.9000000004
LSTM,validation,2021-02-01,2,332194.0999999996,332194.0999999996
LSTM,validation,2021-03-01,3,383322.7000000002,383322.7000000002
LSTM,validation,2021-04-01,4,-169037.7000000002,169037.7000000002
LSTM,validation,2021-05-01,5,288712.5,288712.5
LSTM,validation,2021-06-01,6,-323080.7999999998,323080.7999999998
LSTM,validation,2021-07-01,7,-191708.8999999999,191708.8999999999
LSTM,validation,2021-08-01,8,392470.3999999999,392470.3999999999
LSTM,validation,2021-09-01,9,120082.69999999972,120082.69999999972
LSTM,validation,2021-10-01,10,98290.1000000001,98290.1000000001
LSTM,validation,2021-11-01,11,-40988.200000000186,40988.200000000186
LSTM,validation,2021-12-01,12,354157.2000000002,354157.2000000002
LSTM,test,2022-01-01,1,445280.0,445280.0
LSTM,test,2022-02-01,2,189303.2999999998,189303.2999999998
LSTM,test,2022-03-01,3,792622.2000000002,792622.2000000002
LSTM,test,2022-04-01,4,1029366.4000000004,1029366.4000000004
LSTM,test,2022-05-01,5,403658.2000000002,403658.2000000002
LSTM,test,2022-06-01,6,-825405.2999999998,825405.2999999998
LSTM,test,2022-07-01,7,-110646.69999999972,110646.69999999972
LSTM,test,2022-08-01,8,472726.7000000002,472726.7000000002
LSTM,test,2022-09-01,9,-30793.600000000093,30793.600000000093
LSTM,test,2022-10-01,10,181091.8999999999,181091.8999999999
LSTM,test,2022-11-01,11,399274.7999999998,399274.7999999998
LSTM,test,2022-12-01,12,609914.9000000004,609914.9000000004
LSTM,test,2023-01-01,1,1102886.0,1102886.0
LSTM,test,2023-02-01,2,598922.5,598922.5
LSTM,test,2023-03-01,3,384088.7999999998,384088.7999999998
LSTM,test,2023-04-01,4,279406.5,279406.5
LSTM,test,2023-05-01,5,935736.7999999998,935736.7999999998
LSTM,test,2023-06-01,6,-189494.7000000002,189494.7000000002
LSTM,test,2023-07-01,7,-358702.5,358702.5
LSTM,test,2023-08-01,8,-138408.40000000037,138408.40000000037
LSTM,test,2023-09-01,9,-651525.4000000004,651525.4000000004
LSTM,test,2023-10-01,10,-162515.40000000037,162515.40000000037
LSTM,test,2023-11-01,11,70042.3999999999,70042.3999999999
LSTM,test,2023-12-01,12,81999.90000000037,81999.90000000037
LSTM,test,2024-01-01,1,96270.09999999963,96270.09999999963
LSTM,test,2024-02-01,2,-280551.1000000001,280551.1000000001
LSTM,test,2024-03-01,3,-210090.09999999963,210090.09999999963
LSTM,test,2024-04-01,4,294904.5999999996,294904.5999999996
LSTM,test,2024-05-01,5,-1159.7000000001863,1159.7000000001863
LSTM,test,2024-06-01,6,-516274.5,516274.5
LSTM,test,2024-07-01,7,-197806.0,197806.0
LSTM,test,2024-08-01,8,-177275.8999999999,177275.8999999999
LSTM,test,2024-09-01,9,-561891.6000000001,561891.6000000001
LSTM,test,2024-10-01,10,640965.0,640965.0
LSTM,test,2024-11-01,11,788432.5999999996,788432.5999999996
LSTM,test,2024-12-01,12,365923.0,365923.0
