date,area_id,rainfall_mm,population,water_consumption_m3,area_water_usage_m3,residential_water_demand_m3
2010-01-01,zone_01,40.0,85233,373592.039,480059.125,370401.084
2010-01-01,zone_02,42.308,67997,200103.48,243675.879,204952.35
2010-01-01,zone_03,43.321,68044,211168.832,274324.115,204079.775
2010-01-01,zone_04,38.492,67996,163416.432,199107.71,157731.256
2010-01-01,zone_05,42.383,51079,241024.724,263211.497,225587.287
2010-02-01,zone_01,40.294,85115,325050.844,382337.58,325718.201
2010-02-01,zone_02,43.508,67951,184122.261,231046.789,189502.031
2010-02-01,zone_03,40.615,68097,216427.398,267297.658,203938.386
2010-02-01,zone_04,44.256,68037,154827.225,195572.006,146505.004
2010-02-01,zone_05,39.407,51025,226796.976,278734.324,210909.976
2010-03-01,zone_01,57.313,85129,383273.654,491752.339,392562.549
2010-03-01,zone_02,67.41,68155,204293.249,231046.33,203012.672
2010-03-01,zone_03,67.966,68242,221304.226,283171.013,218904.725
2010-03-01,zone_04,62.662,68222,178884.161,230171.197,171725.365
2010-03-01,zone_05,56.785,51107,250399.418,267234.203,244135.529
2010-04-01,zone_01,96.343,85268,395134.151,460959.223,397484.494
2010-04-01,zone_02,109.591,68310,209997.341,256051.959,207105.512
2010-04-01,zone_03,101.266,68321,198835.046,242585.287,201426.611
2010-04-01,zone_04,104.077,68092,158953.452,190723.817,163141.374
2010-04-01,zone_05,99.883,51154,255245.641,320605.665,247096.566
2010-05-01,zone_01,152.811,85265,415901.541,533623.092,408296.39
2010-05-01,zone_02,174.181,68331,211966.734,261081.46,197025.134
2010-05-01,zone_03,166.059,68360,191345.88,247642.967,184154.484
2010-05-01,zone_04,168.856,68253,163726.795,207628.198,153800.067
2010-05-01,zone_05,153.247,51210,245255.886,318322.346,232806.137
2010-06-01,zone_01,515.921,85267,331361.193,357096.581,339083.758
2010-06-01,zone_02,549.536,68293,157397.792,175740.565,165087.679
2010-06-01,zone_03,544.212,68335,171205.266,205485.405,161075.434
2010-06-01,zone_04,606.187,68318,130529.315,150753.815,129466.147
2010-06-01,zone_05,468.808,51280,194515.853,214174.071,197193.681
2010-07-01,zone_01,565.966,85380,289791.597,330490.782,298295.744
2010-07-01,zone_02,629.772,68465,179756.393,221104.137,175959.213
2010-07-01,zone_03,659.748,68399,159358.89,187680.558,157269.168
2010-07-01,zone_04,635.024,68322,132788.483,166082.641,135383.468
2010-07-01,zone_05,587.257,51435,186145.522,198778.064,176810.245
2010-08-01,zone_01,365.483,85305,312388.628,394054.516,298299.68
2010-08-01,zone_02,359.723,68432,178730.963,214397.882,169164.846
2010-08-01,zone_03,374.516,68613,165517.627,187506.092,173189.933
2010-08-01,zone_04,403.441,68202,146190.751,168487.498,141563.259
2010-08-01,zone_05,331.242,51387,195348.3,215651.576,192075.663
2010-09-01,zone_01,122.711,85451,328608.537,423789.585,326335.197
2010-09-01,zone_02,130.48,68455,164274.674,197982.629,165818.655
2010-09-01,zone_03,127.261,68682,181666.375,204428.762,169766.885
2010-09-01,zone_04,138.681,68507,133768.975,162182.99,140761.928
2010-09-01,zone_05,119.126,51485,209992.524,257356.505,200470.787
2010-10-01,zone_01,61.592,85587,377401.95,410460.825,368798.667
2010-10-01,zone_02,66.862,68571,197257.767,223274.053,202910.54
2010-10-01,zone_03,66.857,68606,202641.665,218618.613,202654.361
2010-10-01,zone_04,64.34,68487,174221.134,212605.553,168431.763
2010-10-01,zone_05,63.771,51500,236110.54,286575.977,222138.355
2010-11-01,zone_01,20.712,85584,437640.488,523702.434,407917.958
2010-11-01,zone_02,20.431,68760,189207.236,240625.752,195202.268
2010-11-01,zone_03,21.028,68724,203961.551,241390.657,203335.985
2010-11-01,zone_04,20.343,68449,190862.369,222232.309,182825.911
2010-11-01,zone_05,20.33,51542,228849.821,266187.042,228225.428
2010-12-01,zone_01,18.665,85643,399548.604,454795.167,397801.811
2010-12-01,zone_02,22.463,68668,217014.928,241634.861,203095.013
2010-12-01,zone_03,21.074,68841,220647.43,255008.312,224720.074
2010-12-01,zone_04,23.0,68590,172515.317,222395.92,163812.117
2010-12-01,zone_05,20.306,51570,250840.71,273974.48,245139.446
2011-01-01,zone_01,44.299,85895,397359.412,506534.8,401230.006
2011-01-01,zone_02,50.027,68752,231332.59,279769.559,215946.804
2011-01-01,zone_03,42.641,68858,227767.948,239956.125,221387.936
2011-01-01,zone_04,47.096,68671,179853.525,190974.164,174861.943
2011-01-01,zone_05,41.145,51678,278734.631,299684.441,259580.618
2011-02-01,zone_01,38.616,85731,367513.347,449149.792,362664.968
2011-02-01,zone_02,46.973,68892,209074.772,231692.692,201212.634
2011-02-01,zone_03,46.633,68953,217089.08,271308.403,214553.357
2011-02-01,zone_04,46.428,68740,139249.74,149322.998,145240.73
2011-02-01,zone_05,44.164,51770,254426.21,294333.106,241880.612
2011-03-01,zone_01,59.646,85823,417443.865,488319.257,397637.888
2011-03-01,zone_02,72.04,68977,210386.57,238445.816,220967.177
2011-03-01,zone_03,62.818,69023,202422.378,231227.973,203717.736
2011-03-01,zone_04,72.206,68737,148547.889,178986.64,152605.45
2011-03-01,zone_05,64.51,51802,223237.078,237879.045,233170.261
2011-04-01,zone_01,108.661,86086,374152.701,468264.547,370743.998
2011-04-01,zone_02,107.308,68961,207373.837,267011.524,201008.338
2011-04-01,zone_03,112.092,69229,215255.408,269222.523,199694.86
2011-04-01,zone_04,121.132,68886,151564.052,175673.698,159191.777
2011-04-01,zone_05,106.563,51870,225770.126,287260.621,218060.736
2011-05-01,zone_01,172.342,85899,404245.467,431854.734,376033.06
2011-05-01,zone_02,196.662,69005,210435.719,270289.081,203766.104
2011-05-01,zone_03,181.098,69268,213816.704,264177.602,210632.527
2011-05-01,zone_04,172.679,68959,172445.797,184695.636,174769.681
2011-05-01,zone_05,145.214,51874,254149.0,318586.489,243063.121
2011-06-01,zone_01,549.803,85835,332178.788,426477.411,329648.811
2011-06-01,zone_02,597.931,69078,166094.289,180060.811,172275.073
2011-06-01,zone_03,537.362,69296,186470.893,229831.703,186314.692
2011-06-01,zone_04,592.611,68929,144220.067,153213.659,138823.367
2011-06-01,zone_05,522.806,51892,217060.424,230779.801,204224.054
2011-07-01,zone_01,646.639,86124,302404.557,360604.466,313028.066
2011-07-01,zone_02,670.371,69291,166131.836,189436.542,158249.914
2011-07-01,zone_03,559.585,69348,160725.036,181084.311,158412.891
2011-07-01,zone_04,692.605,68911,124654.943,154608.542,125363.471
2011-07-01,zone_05,587.447,51941,203139.389,236351.21,195295.453
2011-08-01,zone_01,363.642,86210,286053.909,360623.662,297534.695
2011-08-01,zone_02,428.601,69244,173829.433,198206.535,163299.579
2011-08-01,zone_03,406.912,69525,176832.267,195183.165,167073.126
2011-08-01,zone_04,409.184,68956,121487.337,128960.286,127741.884
2011-08-01,zone_05,402.63,52070,219681.063,238013.527,209487.511
2011-09-01,zone_01,129.507,86132,314710.134,382509.424,314255.035
2011-09-01,zone_02,149.525,69486,183689.44,218262.55,172336.385
2011-09-01,zone_03,136.432,69515,162879.537,186582.581,158471.636
2011-09-01,zone_04,136.252,68977,144337.583,164282.316,134470.003
2011-09-01,zone_05,121.468,52179,221499.42,274119.177,221246.706
2011-10-01,zone_01,68.228,86216,355777.336,407666.62,351285.18
2011-10-01,zone_02,73.293,69460,190541.994,217045.372,196308.617
2011-10-01,zone_03,71.428,69709,192831.79,249635.804,181258.117
2011-10-01,zone_04,65.969,69175,164168.885,174704.619,152734.224
2011-10-01,zone_05,63.657,52182,218160.491,277044.688,226472.674
2011-11-01,zone_01,23.535,86326,428289.665,504145.643,414669.606
2011-11-01,zone_02,23.186,69444,214833.148,243703.809,211908.441
2011-11-01,zone_03,21.555,69659,184919.475,205251.256,184358.506
2011-11-01,zone_04,22.035,69135,163409.105,187366.244,157978.486
2011-11-01,zone_05,20.026,52280,230000.664,248792.499,233706.901
2011-12-01,zone_01,20.772,86338,443492.587,519143.478,412105.277
2011-12-01,zone_02,23.1,69662,227196.366,284875.213,222944.034
2011-12-01,zone_03,22.995,69617,198225.607,224114.445,204792.329
2011-12-01,zone_04,25.708,69140,161322.932,185538.255,158109.343
2011-12-01,zone_05,21.301,52317,271192.405,316565.518,258711.07
2012-01-01,zone_01,46.205,86228,384668.07,459653.361,387808.569
2012-01-01,zone_02,52.49,69716,238970.548,281398.357,231680.753
2012-01-01,zone_03,51.064,69964,222132.975,282003.153,210499.016
2012-01-01,zone_04,49.286,69234,168443.552,179693.621,167082.235
2012-01-01,zone_05,43.731,52357,267277.34,283998.457,248198.462
2012-02-01,zone_01,45.727,86422,388779.832,458232.802,379597.729
2012-02-01,zone_02,51.074,69848,205521.95,243692.087,214532.663
2012-02-01,zone_03,49.16,69948,194796.386,225840.976,195703.223
2012-02-01,zone_04,52.28,69264,175068.873,200566.699,166369.302
2012-02-01,zone_05,40.821,52404,275928.985,333023.583,262018.017
2012-03-01,zone_01,68.529,86624,390923.761,431921.161,408363.093
2012-03-01,zone_02,75.382,69780,214098.173,262922.46,204095.042
2012-03-01,zone_03,78.003,70014,233744.376,278419.746,224988.948
2012-03-01,zone_04,78.452,69419,175940.279,217468.205,175681.163
2012-03-01,zone_05,76.814,52559,302633.305,370477.535,282253.411
2012-04-01,zone_01,120.024,86462,427262.294,476335.094,408937.463
2012-04-01,zone_02,121.166,69959,208256.908,224176.084,208277.356
2012-04-01,zone_03,116.31,70111,216616.437,277178.196,201173.623
2012-04-01,zone_04,140.441,69546,168423.015,180063.029,161036.748
2012-04-01,zone_05,112.836,52499,240597.464,304841.161,234137.867
2012-05-01,zone_01,187.227,86469,420338.523,508813.684,419480.817
2012-05-01,zone_02,179.626,69979,223557.852,237795.185,209843.23
2012-05-01,zone_03,170.082,70081,181815.134,200774.115,188886.142
2012-05-01,zone_04,198.052,69486,148983.333,183654.756,155706.978
2012-05-01,zone_05,178.726,52614,234107.244,273802.683,225278.084
2012-06-01,zone_01,487.454,86819,348561.8,444030.86,338697.236
2012-06-01,zone_02,628.687,70009,196253.036,239746.107,190825.196
2012-06-01,zone_03,607.05,70255,159733.942,192409.221,162397.117
2012-06-01,zone_04,630.822,69553,128178.715,161678.359,130351.252
2012-06-01,zone_05,554.436,52664,199893.075,246770.035,198551.283
2012-07-01,zone_01,698.268,86879,378011.079,429948.318,354481.223
2012-07-01,zone_02,741.728,70269,160135.876,202851.545,165478.657
2012-07-01,zone_03,676.668,70331,170667.119,210798.904,169666.374
2012-07-01,zone_04,694.864,69693,132293.631,165507.353,129171.534
2012-07-01,zone_05,593.114,52781,193701.985,240845.247,186964.594
2012-08-01,zone_01,415.877,86902,344698.321,379548.048,325734.516
2012-08-01,zone_02,452.293,70271,179926.564,226943.542,181106.999
2012-08-01,zone_03,412.593,70360,164605.173,186116.501,157999.464
2012-08-01,zone_04,450.295,69603,143487.12,168216.472,133346.826
2012-08-01,zone_05,404.246,52761,197421.445,252131.916,183867.972
2012-09-01,zone_01,136.738,86924,349448.563,396614.265,329107.782
2012-09-01,zone_02,142.886,70217,169729.927,210127.801,168352.023
2012-09-01,zone_03,149.757,70362,177717.961,227241.245,170153.627
2012-09-01,zone_04,136.679,69576,154181.696,168056.539,143114.823
2012-09-01,zone_05,140.501,52831,203634.528,220447.677,190844.924
2012-10-01,zone_01,63.064,86937,419742.258,510978.457,390876.38
2012-10-01,zone_02,75.62,70270,207961.0,256863.663,205971.205
2012-10-01,zone_03,71.408,70471,194921.339,218194.068,204272.657
2012-10-01,zone_04,75.544,69690,173442.755,186543.28,172798.614
2012-10-01,zone_05,74.03,52895,242930.35,311202.413,225691.861
2012-11-01,zone_01,23.425,87072,362189.387,435953.866,368434.057
2012-11-01,zone_02,24.842,70450,192527.598,206081.402,186882.087
2012-11-01,zone_03,23.915,70572,213525.397,235281.851,200680.021
2012-11-01,zone_04,26.181,69945,171089.562,194003.866,171369.69
2012-11-01,zone_05,20.54,52902,253091.259,304765.0,236180.92
2012-12-01,zone_01,21.539,86978,459179.788,572158.891,425190.494
2012-12-01,zone_02,26.686,70294,197145.021,254878.502,183486.793
2012-12-01,zone_03,24.401,70509,214587.64,230015.765,208957.472
2012-12-01,zone_04,27.467,69917,173514.573,214799.264,167750.071
2012-12-01,zone_05,23.722,53125,224855.439,264394.178,235043.438
2013-01-01,zone_01,59.902,87213,392888.915,503407.98,409490.231
2013-01-01,zone_02,66.568,70489,234557.577,300054.213,217686.274
2013-01-01,zone_03,64.523,70734,218539.13,257825.137,208385.857
2013-01-01,zone_04,63.052,69943,170120.093,219860.63,167054.193
2013-01-01,zone_05,57.011,53038,256429.314,297366.778,244796.473
2013-02-01,zone_01,58.172,87082,386210.603,500001.509,389724.627
2013-02-01,zone_02,71.684,70685,214053.722,243278.157,215233.165
2013-02-01,zone_03,59.06,70958,199936.302,211680.218,189624.69
2013-02-01,zone_04,69.486,69919,155850.031,196751.65,149543.107
2013-02-01,zone_05,56.732,53181,243903.035,256645.574,234471.165
2013-03-01,zone_01,79.966,87256,388822.825,417856.578,379710.706
2013-03-01,zone_02,89.292,70668,235088.227,260165.157,219353.34
2013-03-01,zone_03,92.815,70996,234732.087,297920.612,223944.657
2013-03-01,zone_04,100.15,70123,169106.203,189523.938,162599.812
2013-03-01,zone_05,91.319,53243,260799.632,278487.184,253313.5
2013-04-01,zone_01,144.88,87210,406304.078,520485.638,404191.355
2013-04-01,zone_02,165.41,70701,245505.28,282996.201,230474.413
2013-04-01,zone_03,141.795,70899,206049.861,230797.983,205602.499
2013-04-01,zone_04,154.107,69889,155178.339,201179.704,144206.825
2013-04-01,zone_05,140.956,53311,247467.772,278319.564,247236.32
2013-05-01,zone_01,218.682,87254,420519.019,501149.401,420596.488
2013-05-01,zone_02,238.968,70851,223929.005,259146.201,217661.312
2013-05-01,zone_03,254.115,70961,200671.321,225219.682,199942.324
2013-05-01,zone_04,241.638,70222,166399.791,180178.056,167816.587
2013-05-01,zone_05,250.234,53315,242144.014,310433.769,251413.607
2013-06-01,zone_01,706.366,87530,328223.509,426107.838,315478.583
2013-06-01,zone_02,742.79,70922,173905.956,199518.544,171816.64
2013-06-01,zone_03,797.692,71292,179839.667,227297.385,169767.999
2013-06-01,zone_04,887.724,70123,129631.673,143138.98,131201.039
2013-06-01,zone_05,721.448,53383,220713.853,285309.45,210820.282
2013-07-01,zone_01,835.94,87395,307087.968,371630.87,290062.237
2013-07-01,zone_02,922.76,70952,182604.649,235977.925,173227.595
2013-07-01,zone_03,848.935,71277,187141.626,201241.152,175689.533
2013-07-01,zone_04,966.007,70177,122150.89,133365.343,123939.125
2013-07-01,zone_05,822.956,53391,184745.465,224219.491,183432.347
2013-08-01,zone_01,542.158,87545,317438.431,371522.607,314837.039
2013-08-01,zone_02,564.585,70893,176913.587,226942.194,169288.665
2013-08-01,zone_03,508.726,71262,193008.817,203577.767,190360.635
2013-08-01,zone_04,578.802,70502,126374.314,161999.297,128873.229
2013-08-01,zone_05,492.594,53496,182585.815,228422.151,185746.043
2013-09-01,zone_01,176.464,87484,329857.028,394412.021,325990.871
2013-09-01,zone_02,200.688,71034,171480.215,216315.045,169686.35
2013-09-01,zone_03,176.964,71390,191183.803,213959.312,185406.328
2013-09-01,zone_04,192.169,70226,130942.384,161972.558,128382.508
2013-09-01,zone_05,160.697,53549,191369.662,225674.266,189426.525
2013-10-01,zone_01,93.388,87695,377480.671,416250.695,383476.342
2013-10-01,zone_02,94.958,71214,211638.306,256744.432,215016.752
2013-10-01,zone_03,94.678,71493,216516.247,277251.053,207926.668
2013-10-01,zone_04,94.229,70562,158308.861,174098.804,155568.709
2013-10-01,zone_05,84.302,53639,255844.768,286744.327,252948.155
2013-11-01,zone_01,30.088,87711,382832.082,412626.415,391043.796
2013-11-01,zone_02,30.959,71220,197068.798,207859.978,198515.791
2013-11-01,zone_03,31.173,71516,216546.628,271888.707,212494.401
2013-11-01,zone_04,30.852,70365,166426.758,202194.015,169993.333
2013-11-01,zone_05,28.676,53721,266596.37,281306.017,274272.001
2013-12-01,zone_01,30.277,87628,446555.991,559189.497,414062.304
2013-12-01,zone_02,30.924,71421,198724.02,245012.143,201270.064
2013-12-01,zone_03,31.095,71639,212298.751,231040.104,209052.535
2013-12-01,zone_04,31.077,70580,164408.988,202691.42,171535.095
2013-12-01,zone_05,29.358,53689,258801.448,305392.862,272358.516
2014-01-01,zone_01,42.421,87674,366623.798,431458.863,385049.956
2014-01-01,zone_02,49.546,71354,205276.164,240868.995,209941.121
2014-01-01,zone_03,47.954,71813,241525.943,297918.272,226866.417
2014-01-01,zone_04,48.428,70612,178703.191,188687.797,175708.659
2014-01-01,zone_05,44.825,53771,272989.082,331479.918,267315.227
2014-02-01,zone_01,45.677,87932,397169.163,451528.794,371422.63
2014-02-01,zone_02,48.548,71497,218061.523,254422.371,212166.226
2014-02-01,zone_03,48.784,71917,225235.08,244423.471,208914.13
2014-02-01,zone_04,49.628,70664,142194.341,183628.703,147544.725
2014-02-01,zone_05,47.263,53909,263366.027,338272.479,244580.92
2014-03-01,zone_01,72.166,87967,390568.663,493360.153,376404.357
2014-03-01,zone_02,78.563,71422,218232.417,250191.226,207888.884
2014-03-01,zone_03,63.507,71759,217567.157,270840.808,224111.565
2014-03-01,zone_04,75.716,70699,153027.764,186950.354,157010.285
2014-03-01,zone_05,68.502,53873,265498.206,328212.324,264645.683
2014-04-01,zone_01,107.225,88034,390987.88,416360.191,392082.084
2014-04-01,zone_02,127.294,71554,208047.782,241231.037,215959.457
2014-04-01,zone_03,122.339,72022,210794.743,261133.675,209213.558
2014-04-01,zone_04,143.203,70731,178188.842,212052.227,170702.946
2014-04-01,zone_05,102.992,54059,249099.19,279725.737,260883.014
2014-05-01,zone_01,181.738,88087,428563.059,554923.441,414234.303
2014-05-01,zone_02,186.669,71682,212406.079,242894.131,216257.189
2014-05-01,zone_03,182.38,72009,212451.521,238772.632,209576.394
2014-05-01,zone_04,188.57,70869,166390.297,203594.288,172916.362
2014-05-01,zone_05,187.648,54036,227218.785,281902.373,223126.48
2014-06-01,zone_01,542.547,88208,337982.715,433524.419,335805.817
2014-06-01,zone_02,601.609,71778,192304.413,239843.923,181440.521
2014-06-01,zone_03,619.379,72208,169390.211,184772.024,167512.09
2014-06-01,zone_04,662.582,70882,119510.14,148585.22,121506.18
2014-06-01,zone_05,579.285,54030,199845.074,231956.869,199243.886
2014-07-01,zone_01,648.256,88039,312395.988,371931.563,301932.927
2014-07-01,zone_02,662.6,71716,161194.961,179858.445,166102.797
2014-07-01,zone_03,680.39,72202,174684.102,199025.458,169635.975
2014-07-01,zone_04,678.481,70920,121006.301,152080.743,118005.129
2014-07-01,zone_05,640.955,54229,199282.343,249276.551,197788.328
2014-08-01,zone_01,419.429,88146,283697.548,315105.94,286285.058
2014-08-01,zone_02,448.009,71773,184900.703,211731.859,173649.177
2014-08-01,zone_03,430.285,72272,163197.211,175665.031,169243.856
2014-08-01,zone_04,469.333,70966,129663.352,149263.108,129833.56
2014-08-01,zone_05,407.181,54246,222628.895,264670.33,221948.348
2014-09-01,zone_01,131.001,88467,340387.128,363322.231,331195.999
2014-09-01,zone_02,161.179,71902,187233.048,234699.41,174906.262
2014-09-01,zone_03,134.675,72451,173674.539,208950.161,182293.236
2014-09-01,zone_04,153.579,71236,149201.142,172768.798,144509.827
2014-09-01,zone_05,138.792,54258,220269.413,244828.911,215691.972
2014-10-01,zone_01,64.762,88452,397633.249,434308.69,412605.392
2014-10-01,zone_02,77.678,72038,218268.276,253618.997,206218.493
2014-10-01,zone_03,75.364,72478,210107.161,263832.671,203762.429
2014-10-01,zone_04,77.279,71035,181607.23,193720.343,171147.342
2014-10-01,zone_05,65.526,54361,256073.749,311426.686,237354.898
2014-11-01,zone_01,21.827,88587,405653.803,485214.748,426826.624
2014-11-01,zone_02,25.144,72028,214045.922,272381.302,211137.458
2014-11-01,zone_03,24.002,72488,222972.166,253166.429,221131.274
2014-11-01,zone_04,26.026,71338,147615.826,159755.55,144450.222
2014-11-01,zone_05,20.663,54341,214369.884,270013.642,219796.685
2014-12-01,zone_01,23.975,88549,448470.774,582581.72,424461.864
2014-12-01,zone_02,26.883,72109,234529.441,294877.898,223596.053
2014-12-01,zone_03,25.048,72509,203810.63,247240.795,212272.338
2014-12-01,zone_04,21.558,71121,170316.418,194894.376,166868.028
2014-12-01,zone_05,22.969,54427,246255.934,288391.277,242160.868
2015-01-01,zone_01,69.794,88756,403270.045,483173.461,394759.24
2015-01-01,zone_02,71.287,72244,227059.024,258897.796,213943.504
2015-01-01,zone_03,74.094,72775,228138.575,294157.007,218911.667
2015-01-01,zone_04,76.53,71226,168297.868,187190.697,160069.048
2015-01-01,zone_05,63.532,54554,259462.755,317486.715,250068.995
2015-02-01,zone_01,64.252,88598,388163.371,501197.778,394746.05
2015-02-01,zone_02,71.094,72351,187653.018,243442.162,187186.616
2015-02-01,zone_03,65.32,72751,194035.094,230073.401,190609.847
2015-02-01,zone_04,69.94,71450,154760.866,182704.826,162487.929
2015-02-01,zone_05,65.652,54491,224483.392,287609.638,225145.255
2015-03-01,zone_01,101.707,88774,427351.414,510197.671,410696.506
2015-03-01,zone_02,112.723,72279,207313.03,220104.399,206571.26
2015-03-01,zone_03,106.061,72681,203266.431,255599.81,197213.929
2015-03-01,zone_04,103.412,71346,162553.576,173643.472,170982.706
2015-03-01,zone_05,108.142,54645,253419.778,298161.601,236924.347
2015-04-01,zone_01,174.208,88853,425405.846,500553.515,410358.549
2015-04-01,zone_02,173.891,72451,221521.331,280003.18,223303.738
2015-04-01,zone_03,182.775,72926,204803.507,242502.494,210104.415
2015-04-01,zone_04,198.9,71376,160750.479,182694.381,158348.147
2015-04-01,zone_05,175.187,54655,250234.836,293235.154,245160.661
2015-05-01,zone_01,276.477,88851,392267.095,425938.097,400102.466
2015-05-01,zone_02,289.442,72536,210968.818,239941.899,211978.487
2015-05-01,zone_03,301.114,73117,241959.035,283425.769,227517.116
2015-05-01,zone_04,300.412,71565,155942.417,197108.202,149839.969
2015-05-01,zone_05,241.034,54788,238692.909,284962.585,246938.39
2015-06-01,zone_01,866.271,88951,352982.425,399733.699,333571.371
2015-06-01,zone_02,937.099,72609,190437.229,243246.25,177685.971
2015-06-01,zone_03,925.688,73034,179787.351,222690.508,178650.818
2015-06-01,zone_04,891.067,71538,126440.507,146768.619,124024.087
2015-06-01,zone_05,814.476,54878,198335.383,216318.55,201328.842
2015-07-01,zone_01,928.477,88973,334060.866,413998.803,332647.91
2015-07-01,zone_02,985.042,72785,165059.601,200543.029,166034.542
2015-07-01,zone_03,1072.635,72983,150513.911,191230.829,150364.142
2015-07-01,zone_04,931.331,71466,115942.489,138593.029,108183.717
2015-07-01,zone_05,900.39,54883,194386.059,218398.126,181023.485
2015-08-01,zone_01,616.557,88977,326744.74,365784.984,313036.933
2015-08-01,zone_02,651.314,72715,160518.712,207773.761,152065.578
2015-08-01,zone_03,627.182,73162,177175.578,223234.369,176732.049
2015-08-01,zone_04,621.29,71799,120899.911,137294.084,124575.359
2015-08-01,zone_05,570.866,55028,193493.813,245145.148,196569.603
2015-09-01,zone_01,190.053,89082,365916.135,454965.029,357810.478
2015-09-01,zone_02,222.354,72901,189564.055,229532.917,181381.54
2015-09-01,zone_03,206.452,73405,196707.3,215095.818,196000.992
2015-09-01,zone_04,225.008,71563,130713.378,169026.469,132339.443
2015-09-01,zone_05,206.04,54974,208997.788,221147.758,212050.372
2015-10-01,zone_01,103.879,89146,377250.098,429714.438,374718.588
2015-10-01,zone_02,109.503,72924,225281.775,284139.869,220977.768
2015-10-01,zone_03,105.291,73316,208232.713,269586.536,210392.654
2015-10-01,zone_04,104.832,71885,146354.043,181276.804,152732.62
2015-10-01,zone_05,107.724,55139,231570.82,286987.646,232593.273
2015-11-01,zone_01,35.633,89170,373422.741,447638.783,365527.871
2015-11-01,zone_02,39.427,72887,227967.34,244120.37,228757.111
2015-11-01,zone_03,32.499,73549,241761.055,283945.429,228031.024
2015-11-01,zone_04,36.567,71852,167424.557,180543.49,157379.786
2015-11-01,zone_05,32.717,55208,272648.301,352223.255,255319.911
2015-12-01,zone_01,31.658,89256,396004.692,415842.778,413357.697
2015-12-01,zone_02,37.404,73128,245879.857,298858.23,227891.601
2015-12-01,zone_03,35.105,73632,237137.845,276139.941,234628.537
2015-12-01,zone_04,38.724,71966,191772.735,207138.044,194317.129
2015-12-01,zone_05,33.199,55178,240165.026,263243.831,247374.496
2016-01-01,zone_01,43.437,89373,446730.645,470899.033,417405.055
2016-01-01,zone_02,52.126,73099,258510.536,299934.624,255083.167
2016-01-01,zone_03,46.523,73681,232180.516,254450.037,230723.788
2016-01-01,zone_04,45.336,71902,178142.342,205027.511,181204.021
2016-01-01,zone_05,41.376,55286,278292.47,327155.856,260173.613
2016-02-01,zone_01,43.694,89426,363676.283,385136.408,372963.167
2016-02-01,zone_02,47.76,73180,233822.67,261429.309,238751.805
2016-02-01,zone_03,47.23,73724,254519.554,309356.012,242142.046
2016-02-01,zone_04,43.74,72026,164257.518,181439.003,169298.781
2016-02-01,zone_05,38.085,55402,256213.864,269214.406,244444.241
2016-03-01,zone_01,62.323,89357,432108.025,553582.041,405615.741
2016-03-01,zone_02,70.255,73225,232031.063,267979.064,223545.48
2016-03-01,zone_03,67.659,73794,222939.197,241387.733,231188.857
2016-03-01,zone_04,72.51,72149,158943.908,173196.936,164524.689
2016-03-01,zone_05,66.778,55309,245192.919,306096.625,254432.993
2016-04-01,zone_01,96.467,89634,384708.994,425813.623,388770.225
2016-04-01,zone_02,115.071,73261,219264.961,265883.232,230324.688
2016-04-01,zone_03,109.37,73811,210802.525,229114.057,218220.16
2016-04-01,zone_04,121.326,72244,151959.16,189586.025,154101.216
2016-04-01,zone_05,105.768,55499,247349.293,262406.048,255567.475
2016-05-01,zone_01,167.67,89649,356437.247,441725.73,350483.799
2016-05-01,zone_02,203.626,73455,214368.884,273283.306,216563.706
2016-05-01,zone_03,190.599,73887,213979.8,252761.448,222468.769
2016-05-01,zone_04,170.651,72161,165335.408,203289.955,158843.806
2016-05-01,zone_05,156.67,55503,264195.29,317434.661,245131.393
2016-06-01,zone_01,566.033,89628,310859.275,332138.2,318303.85
2016-06-01,zone_02,582.963,73640,172423.54,184456.869,168895.027
2016-06-01,zone_03,619.458,73990,191799.419,204105.173,189602.249
2016-06-01,zone_04,607.986,72111,132196.717,166213.54,137774.669
2016-06-01,zone_05,467.642,55600,212534.319,232028.692,212352.12
2016-07-01,zone_01,591.346,89653,308788.782,327729.999,308881.708
2016-07-01,zone_02,670.08,73532,195069.173,233681.793,182537.523
2016-07-01,zone_03,641.825,74118,177468.721,207135.301,185441.269
2016-07-01,zone_04,658.59,72331,141684.72,179339.172,132479.802
2016-07-01,zone_05,632.567,55567,205795.226,227582.183,200293.224
2016-08-01,zone_01,377.783,89647,326419.477,404404.278,328293.52
2016-08-01,zone_02,472.992,73641,193360.423,250965.149,188142.024
2016-08-01,zone_03,419.954,74233,190251.655,202941.44,191019.705
2016-08-01,zone_04,422.633,72326,145526.59,182445.965,136026.41
2016-08-01,zone_05,394.527,55657,223131.659,255941.009,207659.791
2016-09-01,zone_01,119.754,89924,337361.604,433307.994,345232.215
2016-09-01,zone_02,137.464,73705,177694.213,225323.628,184018.83
2016-09-01,zone_03,138.364,74197,202019.916,214254.226,203942.509
2016-09-01,zone_04,137.72,72477,135257.677,172079.536,136947.915
2016-09-01,zone_05,135.881,55806,229737.859,277604.115,214659.811
2016-10-01,zone_01,61.405,89993,405100.549,455604.927,400819.447
2016-10-01,zone_02,72.522,73990,227181.983,266270.301,226944.071
2016-10-01,zone_03,73.421,74439,219838.761,261409.61,223754.707
2016-10-01,zone_04,68.636,72319,154111.526,172159.894,160466.414
2016-10-01,zone_05,62.135,55901,247302.958,268471.186,248364.498
2016-11-01,zone_01,21.232,89845,403235.671,459378.347,409348.021
2016-11-01,zone_02,23.944,73950,214726.465,263187.759,215580.536
2016-11-01,zone_03,22.996,74471,201701.642,229547.564,210185.805
2016-11-01,zone_04,24.141,72526,167203.561,208522.576,162680.719
2016-11-01,zone_05,20.835,55851,256784.692,286175.243,256418.348
2016-12-01,zone_01,20.525,90056,397188.343,438857.688,405392.764
2016-12-01,zone_02,24.91,73803,221162.415,276705.776,220570.386
2016-12-01,zone_03,22.899,74535,218081.306,279350.452,218007.012
2016-12-01,zone_04,23.279,72629,181649.771,196115.974,172831.338
2016-12-01,zone_05,22.087,55943,261214.972,337425.322,267947.062
2017-01-01,zone_01,43.309,90125,429840.941,485553.048,413601.458
2017-01-01,zone_02,42.099,73956,244722.984,294462.01,238732.749
2017-01-01,zone_03,39.546,74667,245118.19,281683.385,237459.861
2017-01-01,zone_04,44.161,72669,198485.389,245131.052,186244.123
2017-01-01,zone_05,42.16,56001,254396.07,291391.254,255456.369
2017-02-01,zone_01,38.391,90050,384892.071,472631.019,402130.366
2017-02-01,zone_02,47.018,74133,236360.166,292303.104,224760.245
2017-02-01,zone_03,46.619,74756,222686.144,245308.33,211304.771
2017-02-01,zone_04,42.417,72765,163503.193,186424.394,159862.822
2017-02-01,zone_05,36.576,56024,217136.039,278087.841,220049.095
2017-03-01,zone_01,54.521,90181,459315.816,498581.421,433783.788
2017-03-01,zone_02,69.783,74168,233856.167,260506.808,238860.792
2017-03-01,zone_03,60.747,74869,225964.346,285206.62,225761.542
2017-03-01,zone_04,62.487,72758,167797.955,213845.044,163736.668
2017-03-01,zone_05,63.392,56100,253530.998,314011.802,236510.548
2017-04-01,zone_01,107.156,90275,380568.79,420621.293,375974.644
2017-04-01,zone_02,112.505,74386,236529.072,298275.225,221862.728
2017-04-01,zone_03,102.926,74840,217372.484,242259.302,219938.286
2017-04-01,zone_04,121.825,72726,167345.9,182900.59,166026.416
2017-04-01,zone_05,94.129,56158,243382.124,302212.924,248385.293
2017-05-01,zone_01,157.289,90337,429390.217,466185.8,399861.317
2017-05-01,zone_02,179.608,74227,234239.5,252519.564,229909.543
2017-05-01,zone_03,182.256,75078,243512.039,298262.196,236623.236
2017-05-01,zone_04,167.167,72902,186568.612,200603.777,187934.378
2017-05-01,zone_05,161.365,56327,261258.834,317611.072,251599.714
2017-06-01,zone_01,503.238,90258,329795.714,417216.033,335096.24
2017-06-01,zone_02,570.813,74422,186496.255,232882.534,188993.471
2017-06-01,zone_03,552.452,74969,171134.853,207619.885,175551.254
2017-06-01,zone_04,554.523,72848,140520.125,161258.409,142615.987
2017-06-01,zone_05,497.343,56338,245702.005,291766.85,236004.552
2017-07-01,zone_01,564.066,90384,372934.257,450816.934,363060.393
2017-07-01,zone_02,688.062,74553,177251.448,209149.812,176461.472
2017-07-01,zone_03,596.614,75107,186251.708,212010.841,179033.783
2017-07-01,zone_04,606.89,73046,131124.681,157692.353,123787.86
2017-07-01,zone_05,574.957,56366,197395.014,219663.368,207738.71
2017-08-01,zone_01,341.659,90543,365781.437,441310.431,372690.741
2017-08-01,zone_02,396.705,74479,162702.214,184096.466,167164.279
2017-08-01,zone_03,414.593,75064,178955.759,220926.327,180127.552
2017-08-01,zone_04,427.708,73108,133746.641,173545.034,136984.801
2017-08-01,zone_05,406.51,56483,228678.207,255938.684,222023.863
2017-09-01,zone_01,122.771,90549,354182.089,428507.143,368440.129
2017-09-01,zone_02,135.736,74764,193240.214,210082.432,189414.165
2017-09-01,zone_03,133.088,75345,175375.11,211040.642,181625.665
2017-09-01,zone_04,131.648,73077,141269.012,171217.695,141995.446
2017-09-01,zone_05,119.792,56618,255008.694,294067.724,236657.244
2017-10-01,zone_01,60.852,90657,397759.782,473055.748,395314.819
2017-10-01,zone_02,65.729,74562,247446.771,271233.637,230284.585
2017-10-01,zone_03,61.557,75300,212032.211,266585.2,209077.324
2017-10-01,zone_04,58.786,73082,184462.509,197155.661,175957.212
2017-10-01,zone_05,58.856,56579,260575.948,294027.265,271133.426
2017-11-01,zone_01,18.9,90882,421888.429,521822.168,421643.904
2017-11-01,zone_02,23.219,74697,230730.06,264006.151,233754.262
2017-11-01,zone_03,20.509,75515,237218.768,283817.805,228394.538
2017-11-01,zone_04,21.044,73093,194690.347,232521.096,196012.789
2017-11-01,zone_05,20.409,56529,241094.816,257673.874,252599.176
2017-12-01,zone_01,19.399,90868,422925.621,471773.812,404233.652
2017-12-01,zone_02,22.306,74816,252101.661,299909.396,249564.394
2017-12-01,zone_03,18.387,75395,246209.923,268625.274,233628.067
2017-12-01,zone_04,22.104,73291,196698.624,240932.142,189847.424
2017-12-01,zone_05,21.248,56661,280143.39,311647.65,269681.582
2018-01-01,zone_01,47.904,90737,390656.136,499444.302,395479.781
2018-01-01,zone_02,58.545,74898,240957.781,261967.853,241610.269
2018-01-01,zone_03,54.222,75543,262957.508,277533.829,248422.164
2018-01-01,zone_04,60.668,73231,181073.208,190489.784,177608.128
2018-01-01,zone_05,55.785,56668,262984.817,324883.403,255036.107
2018-02-01,zone_01,54.264,90958,438156.193,539726.116,409123.875
2018-02-01,zone_02,55.562,75112,219524.565,263132.156,217830.843
2018-02-01,zone_03,55.691,75713,232837.125,285817.687,216960.687
2018-02-01,zone_04,58.099,73468,172710.006,186725.487,164610.258
2018-02-01,zone_05,51.399,56869,281425.829,307134.97,260647.517
2018-03-01,zone_01,81.935,90868,395065.27,465838.614,410118.313
2018-03-01,zone_02,82.747,75231,251146.26,304594.621,245229.083
2018-03-01,zone_03,85.479,75624,226312.63,273970.225,226008.415
2018-03-01,zone_04,90.255,73326,154077.273,172815.943,158118.04
2018-03-01,zone_05,83.439,56869,283761.229,367188.881,266536.498
2018-04-01,zone_01,130.52,90892,404485.274,456096.408,398589.712
2018-04-01,zone_02,147.125,75155,234610.543,300532.975,228031.362
2018-04-01,zone_03,151.081,75858,217153.051,279671.436,220848.127
2018-04-01,zone_04,147.808,73546,158584.991,178796.117,159408.382
2018-04-01,zone_05,126.336,56986,276595.727,323810.754,273585.194
2018-05-01,zone_01,204.053,91009,403842.954,492445.116,407801.875
2018-05-01,zone_02,254.026,75291,226508.193,265571.539,225669.868
2018-05-01,zone_03,229.597,75927,213181.625,268261.691,217499.155
2018-05-01,zone_04,208.261,73471,193873.605,213608.523,197523.663
2018-05-01,zone_05,212.434,56955,251440.989,292354.54,250086.909
2018-06-01,zone_01,614.191,91090,332905.637,358414.758,334531.875
2018-06-01,zone_02,728.614,75299,202754.611,227243.871,192902.191
2018-06-01,zone_03,719.008,76113,168843.427,212011.427,176477.312
2018-06-01,zone_04,654.45,73537,156367.974,193702.124,153887.127
2018-06-01,zone_05,657.111,57063,235990.553,274865.321,227979.95
2018-07-01,zone_01,641.896,91165,298327.131,352533.334,288051.319
2018-07-01,zone_02,814.95,75275,177804.485,217459.581,173580.518
2018-07-01,zone_03,747.866,76041,170722.26,196029.793,172915.091
2018-07-01,zone_04,780.33,73584,143740.447,169757.92,133383.576
2018-07-01,zone_05,687.488,57152,214180.96,238824.707,202015.341
2018-08-01,zone_01,484.075,91231,312005.432,386069.224,304685.832
2018-08-01,zone_02,474.306,75503,167529.662,192723.058,172938.79
2018-08-01,zone_03,453.365,76097,179698.556,229852.671,167880.112
2018-08-01,zone_04,502.683,73638,145361.864,172586.324,134774.846
2018-08-01,zone_05,459.507,57081,184575.959,200764.73,179269.098
2018-09-01,zone_01,159.284,91276,324467.301,418696.163,341377.634
2018-09-01,zone_02,163.606,75430,188148.209,223083.961,181874.149
2018-09-01,zone_03,167.864,76366,191034.765,247414.571,195193.287
2018-09-01,zone_04,175.13,73681,153654.891,179488.589,147551.929
2018-09-01,zone_05,162.011,57268,222037.256,234845.816,222524.872
2018-10-01,zone_01,72.165,91476,377429.349,482776.872,395505.021
2018-10-01,zone_02,86.976,75724,223073.835,252584.047,209966.579
2018-10-01,zone_03,90.196,76408,221916.899,242076.507,212482.682
2018-10-01,zone_04,95.056,73772,171760.007,209565.119,160363.088
2018-10-01,zone_05,77.132,57341,263359.828,294688.218,259015.481
2018-11-01,zone_01,26.864,91469,439318.42,504227.407,425083.674
2018-11-01,zone_02,27.773,75716,223228.096,280023.734,225723.264
2018-11-01,zone_03,25.637,76397,208285.988,259871.537,211729.038
2018-11-01,zone_04,28.173,73914,178986.093,199775.193,177262.358
2018-11-01,zone_05,25.333,57297,256814.111,326984.157,260065.193
2018-12-01,zone_01,26.457,91498,443911.282,546950.146,450637.535
2018-12-01,zone_02,30.8,75718,255296.999,301900.3,237722.663
2018-12-01,zone_03,29.676,76433,228347.052,246075.058,215278.823
2018-12-01,zone_04,29.468,73912,186318.955,229135.084,175213.9
2018-12-01,zone_05,25.193,57493,239770.254,255949.199,231333.03
2019-01-01,zone_01,56.684,91672,413519.064,452250.055,426238.162
2019-01-01,zone_02,68.065,75831,266188.995,285057.059,263689.609
2019-01-01,zone_03,59.538,76593,221817.142,277586.877,208064.707
2019-01-01,zone_04,64.69,73927,183019.966,206032.76,171732.578
2019-01-01,zone_05,55.545,57448,276282.816,318755.457,270131.113
2019-02-01,zone_01,58.075,91626,409688.465,517632.048,412543.176
2019-02-01,zone_02,72.087,75983,246405.58,260352.941,238040.64
2019-02-01,zone_03,65.366,76649,230558.354,289528.045,215017.132
2019-02-01,zone_04,69.252,74001,156731.895,195780.639,146942.107
2019-02-01,zone_05,58.995,57516,263283.891,281943.726,259744.205
2019-03-01,zone_01,92.914,91615,419288.994,514620.129,401072.387
2019-03-01,zone_02,98.365,75987,237878.406,281291.672,240448.563
2019-03-01,zone_03,94.207,76744,222872.016,244390.386,212714.696
2019-03-01,zone_04,96.904,73974,159276.523,191685.775,167117.95
2019-03-01,zone_05,88.625,57711,267835.368,338111.155,260580.451
2019-04-01,zone_01,146.986,91796,421894.709,493011.232,425585.918
2019-04-01,zone_02,172.028,76065,236512.448,257727.997,233803.62
2019-04-01,zone_03,162.152,76824,206035.285,238305.585,215011.001
2019-04-01,zone_04,162.752,74160,179942.082,216797.284,173074.095
2019-04-01,zone_05,145.671,57667,273594.52,305983.084,253619.287
2019-05-01,zone_01,253.443,91630,463255.365,513437.345,452496.955
2019-05-01,zone_02,270.489,76192,238938.814,279511.189,222889.352
2019-05-01,zone_03,239.806,77036,206968.101,258658.923,198850.748
2019-05-01,zone_04,261.036,74259,197182.006,243746.781,191042.314
2019-05-01,zone_05,239.933,57782,273024.84,298036.555,265242.127
2019-06-01,zone_01,788.181,91849,353105.683,416402.85,350567.063
2019-06-01,zone_02,787.266,76313,183346.734,221671.445,187684.192
2019-06-01,zone_03,811.832,77095,172628.623,192941.311,171258.764
2019-06-01,zone_04,796.2,74332,156796.487,189027.048,151629.432
2019-06-01,zone_05,650.042,57774,219189.966,284838.349,229416.975
2019-07-01,zone_01,827.346,92019,351657.427,416036.392,335458.918
2019-07-01,zone_02,929.45,76417,196435.589,238527.792,186957.095
2019-07-01,zone_03,881.362,77164,174310.555,184022.145,171009.246
2019-07-01,zone_04,885.266,74427,151241.028,186481.472,144782.943
2019-07-01,zone_05,785.629,57892,204530.647,218983.31,213175.748
2019-08-01,zone_01,519.481,91993,327997.204,384219.86,321872.912
2019-08-01,zone_02,596.352,76392,191161.605,227195.913,192561.624
2019-08-01,zone_03,595.769,77105,170345.409,197281.397,174624.96
2019-08-01,zone_04,597.721,74401,131916.999,158200.74,125697.698
2019-08-01,zone_05,554.699,57978,206467.708,261892.053,210675.874
2019-09-01,zone_01,177.416,91883,344321.777,402970.402,321806.137
2019-09-01,zone_02,214.706,76423,193460.361,223210.444,187731.559
2019-09-01,zone_03,179.129,77391,189987.723,221798.539,185992.08
2019-09-01,zone_04,192.055,74448,142827.729,151382.8,149123.534
2019-09-01,zone_05,159.501,58089,222862.405,253992.27,208897.492
2019-10-01,zone_01,89.894,92183,356451.092,448714.781,366128.269
2019-10-01,zone_02,105.823,76619,210608.43,252378.672,202859.195
2019-10-01,zone_03,90.036,77450,202387.927,245086.304,210242.448
2019-10-01,zone_04,103.474,74536,164628.595,205516.328,160828.174
2019-10-01,zone_05,87.381,58154,275492.911,295963.244,255956.643
2019-11-01,zone_01,27.573,92089,443896.789,561737.605,441863.007
2019-11-01,zone_02,31.341,76636,213165.204,276567.21,209944.144
2019-11-01,zone_03,34.502,77466,240504.015,282837.223,230094.563
2019-11-01,zone_04,36.314,74617,179177.979,202716.537,172840.235
2019-11-01,zone_05,30.271,58115,271029.412,338178.502,253520.618
2019-12-01,zone_01,29.572,92336,453478.623,551771.957,433875.976
2019-12-01,zone_02,29.555,76660,231822.968,262045.509,235657.274
2019-12-01,zone_03,32.789,77543,234926.073,255146.444,239802.118
2019-12-01,zone_04,31.27,74703,180616.875,193013.021,171723.835
2019-12-01,zone_05,30.122,58242,269734.454,313632.98,262997.297
2020-01-01,zone_01,73.339,92386,459687.476,591198.49,426329.897
2020-01-01,zone_02,67.419,76745,246045.337,272260.72,242760.288
2020-01-01,zone_03,67.931,77718,245749.517,281820.068,230095.134
2020-01-01,zone_04,67.924,74617,176034.453,215251.344,176221.951
2020-01-01,zone_05,64.975,58312,266890.581,333693.519,261379.714
2020-02-01,zone_01,59.895,92266,396129.085,424102.125,398038.968
2020-02-01,zone_02,71.528,76924,245892.622,263306.937,230100.409
2020-02-01,zone_03,65.649,77717,234844.796,276842.334,225506.845
2020-02-01,zone_04,74.725,74754,166056.846,177490.131,161429.028
2020-02-01,zone_05,66.04,58358,258216.073,322441.712,262452.619
2020-03-01,zone_01,102.127,92300,430990.305,552177.042,412036.021
2020-03-01,zone_02,116.543,76947,237148.336,301483.762,249459.253
2020-03-01,zone_03,104.397,77823,219274.075,252429.407,218151.181
2020-03-01,zone_04,111.31,74796,176628.746,195956.246,165719.68
2020-03-01,zone_05,98.673,58391,259263.993,298526.418,268028.717
2020-04-01,zone_01,156.846,92675,412384.483,475604.473,382459.907
2020-04-01,zone_02,185.1,76943,243271.59,286968.161,240656.941
2020-04-01,zone_03,167.596,77940,231595.695,279370.515,231430.018
2020-04-01,zone_04,187.087,74926,155435.536,182285.904,155191.661
2020-04-01,zone_05,157.678,58439,282737.136,319988.338,266127.892
2020-05-01,zone_01,251.188,92471,471673.789,522290.444,441493.98
2020-05-01,zone_02,271.169,77036,261682.085,326992.253,247278.382
2020-05-01,zone_03,269.773,78069,211968.91,240304.455,210052.489
2020-05-01,zone_04,300.413,74928,166166.993,188457.49,163659.555
2020-05-01,zone_05,256.864,58601,272974.287,330364.036,255289.83
2020-06-01,zone_01,875.953,92717,363506.217,460902.953,351026.428
2020-06-01,zone_02,857.162,77083,188178.86,222223.261,197244.999
2020-06-01,zone_03,843.019,78089,174698.566,210574.74,169605.755
2020-06-01,zone_04,774.655,74882,132123.143,171191.755,125077.75
2020-06-01,zone_05,742.921,58662,218947.243,245078.61,207016.764
2020-07-01,zone_01,889.591,92689,334292.062,427237.554,348343.655
2020-07-01,zone_02,1039.474,77290,189543.486,244621.323,179388.651
2020-07-01,zone_03,935.55,78210,168618.776,190385.199,174649.586
2020-07-01,zone_04,991.163,75030,124859.608,155352.784,124211.987
2020-07-01,zone_05,889.433,58639,205783.934,260388.838,200058.026
2020-08-01,zone_01,537.769,92792,370357.384,437752.084,356978.925
2020-08-01,zone_02,641.007,77316,188928.102,202699.443,182867.358
2020-08-01,zone_03,646.227,78171,172722.309,182295.196,178824.7
2020-08-01,zone_04,588.248,75034,126472.09,138057.659,127467.114
2020-08-01,zone_05,568.188,58747,211472.934,235839.941,197484.141
2020-09-01,zone_01,182.507,92887,316377.216,397586.971,321661.496
2020-09-01,zone_02,208.907,77456,209391.715,249083.418,199524.596
2020-09-01,zone_03,212.022,78165,185371.985,201756.917,188914.921
2020-09-01,zone_04,217.465,75151,157556.072,181674.794,147534.507
2020-09-01,zone_05,185.464,58756,216449.428,256456.19,219679.015
2020-10-01,zone_01,103.058,92831,424663.022,537846.916,409571.913
2020-10-01,zone_02,100.179,77395,202827.954,243816.112,208712.442
2020-10-01,zone_03,102.156,78244,227971.654,284879.048,231033.393
2020-10-01,zone_04,110.342,75199,162730.725,194943.317,169381.936
2020-10-01,zone_05,96.381,58803,262145.076,295420.394,265010.967
2020-11-01,zone_01,30.505,92670,452192.231,501115.932,419888.705
2020-11-01,zone_02,35.198,77466,223312.824,263886.32,207723.461
2020-11-01,zone_03,32.575,78462,214183.722,252279.365,212732.466
2020-11-01,zone_04,33.73,75177,189160.365,212988.601,182865.763
2020-11-01,zone_05,31.711,58970,242787.845,260190.919,254382.822
2020-12-01,zone_01,31.62,92891,444153.786,541814.97,438736.467
2020-12-01,zone_02,35.018,77659,247238.515,268339.988,232995.636
2020-12-01,zone_03,34.24,78645,214884.719,244833.074,219892.232
2020-12-01,zone_04,37.003,75251,174451.103,222008.909,181542.039
2020-12-01,zone_05,32.044,59022,275983.303,308261.569,255544.679
2021-01-01,zone_01,52.729,93015,434293.4,549277.212,448914.683
2021-01-01,zone_02,65.293,77745,257014.213,323262.909,243721.694
2021-01-01,zone_03,59.701,78749,233786.692,296018.148,242471.258
2021-01-01,zone_04,61.015,75475,192018.305,234614.366,199894.539
2021-01-01,zone_05,59.885,59131,280095.482,350337.348,272968.624
2021-02-01,zone_01,61.683,93092,423705.837,452605.391,424198.02
2021-02-01,zone_02,60.56,77722,258445.56,323194.796,249510.676
2021-02-01,zone_03,65.739,78870,250635.574,263779.496,235858.629
2021-02-01,zone_04,63.191,75644,182997.42,220986.065,174017.999
2021-02-01,zone_05,53.299,59113,254499.99,319010.652,258641.883
2021-03-01,zone_01,91.543,93225,401702.038,497589.3,407778.581
2021-03-01,zone_02,99.113,77762,246960.993,321012.034,248128.402
2021-03-01,zone_03,101.43,78856,248765.605,282916.332,250193.789
2021-03-01,zone_04,94.412,75641,196686.712,232431.248,187174.413
2021-03-01,zone_05,89.645,59330,264967.87,310967.777,274169.125
2021-04-01,zone_01,168.371,93268,419483.473,497281.977,392384.159
2021-04-01,zone_02,158.244,78008,244724.179,262640.783,230110.523
2021-04-01,zone_03,134.363,78853,230787.849,257345.394,233202.366
2021-04-01,zone_04,161.759,75612,182004.133,228023.134,184466.384
2021-04-01,zone_05,155.891,59264,295316.728,377344.548,274127.389
2021-05-01,zone_01,233.752,93435,386144.923,465417.406,372109.785
2021-05-01,zone_02,240.039,77859,227316.155,273184.234,238653.051
2021-05-01,zone_03,257.845,78997,222632.617,242255.096,228815.342
2021-05-01,zone_04,255.395,75736,176206.595,218438.715,181422.769
2021-05-01,zone_05,236.417,59380,271077.141,335126.618,257462.421
2021-06-01,zone_01,711.68,93223,356516.593,387307.987,330637.192
2021-06-01,zone_02,789.056,78040,203268.017,253509.465,195934.804
2021-06-01,zone_03,800.552,79283,187148.546,237153.691,188058.699
2021-06-01,zone_04,818.594,75615,148040.21,156536.852,140821.954
2021-06-01,zone_05,647.573,59491,247554.888,307512.206,230641.349
2021-07-01,zone_01,788.32,93462,320387.122,390128.393,316876.353
2021-07-01,zone_02,999.709,78060,163126.545,188368.282,156386.376
2021-07-01,zone_03,872.181,79179,196201.438,232681.277,185197.437
2021-07-01,zone_04,871.692,75816,123421.299,139345.587,118086.223
2021-07-01,zone_05,801.445,59427,232826.164,293713.117,231731.944
2021-08-01,zone_01,563.408,93543,307029.232,361138.94,319226.312
2021-08-01,zone_02,592.073,78172,167444.975,181010.263,174656.486
2021-08-01,zone_03,537.122,79233,215337.253,277756.628,205947.14
2021-08-01,zone_04,550.971,75696,141965.658,152844.406,137573.04
2021-08-01,zone_05,512.999,59523,233650.564,248268.022,222016.632
2021-09-01,zone_01,176.155,93723,357852.699,411406.67,369494.168
2021-09-01,zone_02,195.28,78350,189048.103,230013.254,191026.732
2021-09-01,zone_03,178.512,79312,192924.164,229475.662,200888.238
2021-09-01,zone_04,188.651,76149,139139.027,151681.504,138479.751
2021-09-01,zone_05,172.06,59589,232140.898,253743.042,223233.896
2021-10-01,zone_01,84.493,93635,420803.452,488856.672,419859.558
2021-10-01,zone_02,91.142,78327,226246.283,260713.502,225494.184
2021-10-01,zone_03,93.621,79590,269583.991,326302.975,256702.798
2021-10-01,zone_04,102.092,75943,179062.371,217218.684,170152.274
2021-10-01,zone_05,79.781,59616,308866.492,372113.396,290680.461
2021-11-01,zone_01,28.881,93699,407767.562,436184.432,411574.182
2021-11-01,zone_02,32.739,78388,226176.1,262808.638,224874.688
2021-11-01,zone_03,32.66,79552,245740.287,263780.257,236738.066
2021-11-01,zone_04,31.641,76052,180486.418,203894.25,181164.681
2021-11-01,zone_05,29.48,59717,286132.157,315091.673,268082.315
2021-12-01,zone_01,30.613,93821,451370.234,563406.799,445159.31
2021-12-01,zone_02,33.751,78580,247779.825,307765.924,252872.36
2021-12-01,zone_03,29.234,79544,233025.475,294964.288,229874.703
2021-12-01,zone_04,29.79,76131,193721.467,217918.196,181137.501
2021-12-01,zone_05,29.476,59717,261784.921,287805.702,258460.344
2022-01-01,zone_01,54.49,93794,477412.819,599231.193,466155.989
2022-01-01,zone_02,59.73,78417,230935.751,251282.093,226628.118
2022-01-01,zone_03,55.269,79718,255411.739,271284.09,238158.229
2022-01-01,zone_04,53.624,76089,172966.254,203656.897,160442.828
2022-01-01,zone_05,52.179,59817,300029.091,373261.684,282421.804
2022-02-01,zone_01,56.487,93921,408482.895,434764.104,412641.798
2022-02-01,zone_02,59.675,78749,243282.847,256500.07,231166.123
2022-02-01,zone_03,58.715,79906,198402.465,239897.762,204688.213
2022-02-01,zone_04,57.748,76120,164661.372,196992.488,162491.95
2022-02-01,zone_05,52.565,59796,241960.316,273218.842,247871.035
2022-03-01,zone_01,79.552,94038,443391.957,508810.023,448324.365
2022-03-01,zone_02,81.149,78689,260758.629,301601.58,246162.553
2022-03-01,zone_03,79.974,79802,243083.649,285159.553,234520.645
2022-03-01,zone_04,89.153,76158,180385.505,191691.83,179774.521
2022-03-01,zone_05,82.084,60024,260124.792,320190.832,262952.254
2022-04-01,zone_01,146.187,94021,417651.3,439924.127,426019.948
2022-04-01,zone_02,152.738,78954,278866.011,316169.247,259154.42
2022-04-01,zone_03,140.5,80019,221638.624,282084.514,223729.82
2022-04-01,zone_04,148.22,76245,175479.036,185973.895,182553.836
2022-04-01,zone_05,139.319,60122,265459.591,323227.394,267607.492
2022-05-01,zone_01,194.338,94219,392289.668,465439.885,407059.981
2022-05-01,zone_02,248.497,78950,238323.922,292724.474,231737.135
2022-05-01,zone_03,231.684,80131,228615.962,280418.577,232223.69
2022-05-01,zone_04,238.531,76296,175401.842,202935.197,181038.964
2022-05-01,zone_05,213.875,59990,277231.218,310289.938,275729.011
2022-06-01,zone_01,653.46,94158,366321.172,393958.368,342020.431
2022-06-01,zone_02,769.2,78987,186390.584,235337.518,185557.744
2022-06-01,zone_03,744.368,80185,231137.738,248495.298,217570.595
2022-06-01,zone_04,709.105,76501,150146.503,170772.964,153864.826
2022-06-01,zone_05,643.863,60248,225086.767,236587.889,236148.763
2022-07-01,zone_01,760.264,94228,369362.563,420867.535,345324.268
2022-07-01,zone_02,871.632,78971,167057.357,182691.472,172140.309
2022-07-01,zone_03,823.671,80351,174756.88,212204.604,177632.086
2022-07-01,zone_04,778.831,76462,144034.969,182003.919,148658.648
2022-07-01,zone_05,743.073,60301,219477.629,276653.515,218434.248
2022-08-01,zone_01,475.988,94380,351011.075,443576.827,360031.548
2022-08-01,zone_02,565.908,79190,185351.845,198215.86,190288.135
2022-08-01,zone_03,532.071,80430,189080.378,230887.407,180452.9
2022-08-01,zone_04,530.168,76440,162148.516,181867.779,157267.844
2022-08-01,zone_05,468.074,60244,255223.172,278866.747,240205.331
2022-09-01,zone_01,170.167,94257,327483.516,411505.275,325432.386
2022-09-01,zone_02,179.724,79156,230633.597,280575.614,213635.844
2022-09-01,zone_03,173.595,80280,191465.938,219766.081,195551.089
2022-09-01,zone_04,164.085,76602,152634.154,175207.55,149978.881
2022-09-01,zone_05,159.532,60372,227598.874,291573.893,238946.769
2022-10-01,zone_01,79.063,94385,390886.233,482135.718,380000.572
2022-10-01,zone_02,91.191,79531,239472.395,311018.532,242673.461
2022-10-01,zone_03,86.885,80523,229099.214,290671.419,212507.268
2022-10-01,zone_04,91.222,76588,178672.069,189270.159,179282.668
2022-10-01,zone_05,75.585,60476,293825.26,379950.272,279483.212
2022-11-01,zone_01,26.832,94645,344267.312,392107.907,357153.389
2022-11-01,zone_02,29.197,79457,239744.465,271744.729,223920.484
2022-11-01,zone_03,29.407,80671,207992.367,261588.703,215057.78
2022-11-01,zone_04,31.023,76656,167433.321,178070.321,174502.992
2022-11-01,zone_05,24.983,60503,280516.354,334385.117,275631.572
2022-12-01,zone_01,27.537,94664,410484.079,526346.465,423634.799
2022-12-01,zone_02,30.245,79541,231596.579,294378.778,233486.496
2022-12-01,zone_03,28.372,80701,231885.822,298265.547,237963.666
2022-12-01,zone_04,25.814,76783,176943.688,201751.344,179413.543
2022-12-01,zone_05,29.358,60594,279208.089,343268.145,274373.833
2023-01-01,zone_01,50.242,94657,444954.065,540154.547,425940.149
2023-01-01,zone_02,58.459,79564,241568.07,265017.693,238026.086
2023-01-01,zone_03,59.656,80952,239119.952,301373.771,232776.45
2023-01-01,zone_04,58.601,76775,181918.849,213035.963,177360.532
2023-01-01,zone_05,51.316,60667,278985.062,349186.004,283525.704
2023-02-01,zone_01,49.969,94817,378873.757,410377.944,395734.44
2023-02-01,zone_02,54.457,79733,206557.498,266657.633,209571.811
2023-02-01,zone_03,61.557,81003,239818.836,283160.804,227886.823
2023-02-01,zone_04,61.989,76938,193400.262,236257.62,180750.67
2023-02-01,zone_05,52.057,60881,267670.888,311313.066,262933.958
2023-03-01,zone_01,85.412,94758,400654.004,421440.922,390328.251
2023-03-01,zone_02,81.942,79870,256897.196,330319.55,243705.959
2023-03-01,zone_03,88.129,81019,246397.457,296035.098,235051.674
2023-03-01,zone_04,84.11,76855,178133.83,189020.834,182735.917
2023-03-01,zone_05,74.522,60691,315046.477,402031.344,301001.376
2023-04-01,zone_01,127.941,94690,395909.291,510484.193,396450.483
2023-04-01,zone_02,142.087,79876,273690.424,310176.432,258913.619
2023-04-01,zone_03,124.842,81131,240757.084,254653.031,252453.05
2023-04-01,zone_04,137.467,76958,183769.253,214863.612,184042.27
2023-04-01,zone_05,134.751,60860,267128.607,301506.189,250500.589
2023-05-01,zone_01,214.457,94853,415116.691,504563.842,434270.953
2023-05-01,zone_02,225.733,79915,258993.967,311035.412,252324.001
2023-05-01,zone_03,237.416,81255,233848.942,252981.506,225810.144
2023-05-01,zone_04,227.057,77231,168217.755,212624.365,170382.824
2023-05-01,zone_05,212.956,60944,264940.819,313358.998,277179.32
2023-06-01,zone_01,648.567,94935,366511.124,415662.229,372428.311
2023-06-01,zone_02,714.847,79967,193986.988,244374.861,200325.577
2023-06-01,zone_03,726.379,81342,203606.518,257494.298,191921.075
2023-06-01,zone_04,715.308,77036,131781.485,159196.966,138138.744
2023-06-01,zone_05,667.198,60948,235137.01,289669.393,242048.199
2023-07-01,zone_01,773.597,95095,362237.563,399538.405,371504.63
2023-07-01,zone_02,825.971,80194,179187.71,194259.102,188416.712
2023-07-01,zone_03,800.433,81257,199445.331,227210.466,201395.979
2023-07-01,zone_04,865.157,77101,145349.416,162960.483,138703.238
2023-07-01,zone_05,730.741,61141,254340.792,279488.062,241185.815
2023-08-01,zone_01,494.722,95044,352459.538,424355.014,360789.897
2023-08-01,zone_02,558.367,80245,187869.952,203073.255,196475.412
2023-08-01,zone_03,476.358,81515,187512.348,210658.163,186959.975
2023-08-01,zone_04,496.766,77194,120778.88,135573.951,125251.662
2023-08-01,zone_05,480.553,61241,242043.659,282456.743,243035.843
2023-09-01,zone_01,154.913,95031,377609.218,442278.993,392970.557
2023-09-01,zone_02,175.849,80261,184024.787,221905.767,189446.716
2023-09-01,zone_03,179.604,81526,208065.928,247170.173,210993.481
2023-09-01,zone_04,170.863,77345,141034.586,168923.4,143417.637
2023-09-01,zone_05,168.458,61364,207549.148,225216.162,218184.511
2023-10-01,zone_01,79.172,95197,418395.248,497516.808,429514.229
2023-10-01,zone_02,85.814,80360,224014.493,286987.832,231025.72
2023-10-01,zone_03,86.674,81692,265282.968,330216.623,248937.393
2023-10-01,zone_04,82.588,77346,177109.004,186640.107,165369.133
2023-10-01,zone_05,74.976,61219,284700.714,325418.685,279206.555
2023-11-01,zone_01,27.684,95097,413242.392,493585.629,430153.92
2023-11-01,zone_02,28.431,80275,238240.368,280256.977,239383.446
2023-11-01,zone_03,27.639,81909,236496.076,267353.229,229152.523
2023-11-01,zone_04,28.65,77402,173368.558,218531.044,177593.961
2023-11-01,zone_05,27.02,61263,259141.22,287671.172,267077.947
2023-12-01,zone_01,26.289,95110,432408.8,496576.652,413992.744
2023-12-01,zone_02,29.133,80466,226296.08,264266.968,234303.616
2023-12-01,zone_03,27.496,81897,205068.43,239402.369,209738.562
2023-12-01,zone_04,29.823,77684,173657.916,204102.727,167767.044
2023-12-01,zone_05,25.462,61444,289540.988,336796.033,292489.481
2024-01-01,zone_01,45.42,95546,424651.635,460273.254,428781.15
2024-01-01,zone_02,53.541,80528,240244.246,293910.354,234340.619
2024-01-01,zone_03,51.637,81923,231821.743,295039.14,234469.332
2024-01-01,zone_04,50.418,77463,198917.029,226474.631,189287.304
2024-01-01,zone_05,49.115,61532,279085.111,355157.212,279563.524
2024-02-01,zone_01,45.826,95525,458060.064,571533.484,437936.276
2024-02-01,zone_02,45.95,80759,233083.21,296759.965,230319.898
2024-02-01,zone_03,47.205,82003,241628.237,303604.445,251817.663
2024-02-01,zone_04,48.647,77536,170741.447,209665.733,167347.232
2024-02-01,zone_05,41.948,61454,244723.943,283520.349,246966.652
2024-03-01,zone_01,73.78,95620,439504.373,463895.777,435131.359
2024-03-01,zone_02,82.073,80738,264320.359,277899.022,245887.275
2024-03-01,zone_03,74.432,82245,259943.294,287913.605,258067.199
2024-03-01,zone_04,79.769,77640,193950.618,220594.091,186330.881
2024-03-01,zone_05,73.166,61645,316649.192,382549.756,300099.831
2024-04-01,zone_01,119.189,95627,368996.529,398474.723,385182.404
2024-04-01,zone_02,133.628,80689,258169.479,293074.08,249649.833
2024-04-01,zone_03,108.061,82171,247051.267,302057.255,249105.3
2024-04-01,zone_04,131.808,77855,184332.91,204210.899,188942.428
2024-04-01,zone_05,113.125,61670,287252.697,307871.202,274799.151
2024-05-01,zone_01,189.068,95687,416934.531,481452.177,416003.636
2024-05-01,zone_02,207.402,80971,266463.242,316844.122,260809.786
2024-05-01,zone_03,196.173,82180,234605.827,289685.409,241012.272
2024-05-01,zone_04,190.722,77824,190082.707,205454.951,176991.941
2024-05-01,zone_05,174.527,61738,270190.069,333740.303,270292.111
2024-06-01,zone_01,636.445,95548,293431.702,363731.225,300240.626
2024-06-01,zone_02,636.678,80994,218163.919,263780.777,215660.088
2024-06-01,zone_03,663.785,82314,206969.213,219426.729,206479.192
2024-06-01,zone_04,576.562,77942,163695.993,176960.436,157062.408
2024-06-01,zone_05,618.166,61844,234646.54,249723.63,235365.927
2024-07-01,zone_01,633.554,95895,373502.999,483903.99,352118.935
2024-07-01,zone_02,683.262,80746,205798.707,262081.037,202197.992
2024-07-01,zone_03,685.433,82346,187090.143,200062.552,183077.25
2024-07-01,zone_04,697.339,77871,145846.301,165435.471,145243.411
2024-07-01,zone_05,643.497,61833,242999.401,299331.065,229438.881
2024-08-01,zone_01,441.849,95997,381488.277,477633.063,384009.178
2024-08-01,zone_02,430.185,81084,209471.303,237870.017,215858.963
2024-08-01,zone_03,462.342,82406,210732.958,228255.27,207443.421
2024-08-01,zone_04,477.132,78010,151064.751,165639.217,144914.365
2024-08-01,zone_05,415.49,61873,216192.187,243499.353,212438.026
2024-09-01,zone_01,142.317,96004,372304.855,467494.217,362303.644
2024-09-01,zone_02,147.888,81268,213309.972,273479.397,200481.12
2024-09-01,zone_03,147.868,82515,230532.348,251079.473,216261.356
2024-09-01,zone_04,150.973,78051,142263.845,178225.672,149683.777
2024-09-01,zone_05,138.967,62078,243749.153,289581.888,237438.035
2024-10-01,zone_01,71.201,96298,422239.023,506569.94,434197.611
2024-10-01,zone_02,72.876,81399,221006.004,240074.416,226223.66
2024-10-01,zone_03,68.674,82719,260264.746,287910.76,254708.359
2024-10-01,zone_04,76.079,78100,166931.94,212343.992,165132.175
2024-10-01,zone_05,68.682,62087,271025.982,338184.279,258259.338
2024-11-01,zone_01,23.914,95980,465905.96,500681.157,433642.514
2024-11-01,zone_02,25.919,81566,267071.512,315291.631,247426.123
2024-11-01,zone_03,26.835,82881,276462.98,317024.09,258890.903
2024-11-01,zone_04,26.173,78235,186274.632,232255.922,174478.725
2024-11-01,zone_05,21.907,62164,280769.858,337563.994,277390.077
2024-12-01,zone_01,21.131,96305,448340.686,576793.081,465833.197
2024-12-01,zone_02,25.995,81498,290957.987,350763.328,276865.094
2024-12-01,zone_03,23.117,82635,250132.55,312293.86,250867.818
2024-12-01,zone_04,26.729,78252,182254.368,230444.12,177340.435
2024-12-01,zone_05,22.203,62037,333979.552,359882.734,322404.297
